source,target,correlation,direct,cor
ASV_21,ASV_15,1,undirected,+
ASV_11,ASV_15,-1,undirected,-
ASV_201,ASV_15,1,undirected,+
ASV_1446,ASV_15,1,undirected,+
ASV_1605,ASV_15,1,undirected,+
ASV_1448,ASV_15,1,undirected,+
ASV_193,ASV_15,1,undirected,+
ASV_554,ASV_15,-1,undirected,-
ASV_536,ASV_15,-1,undirected,-
ASV_332,ASV_15,1,undirected,+
ASV_370,ASV_15,1,undirected,+
ASV_314,ASV_15,1,undirected,+
ASV_171,ASV_15,-1,undirected,-
ASV_364,ASV_15,1,undirected,+
ASV_656,ASV_15,1,undirected,+
ASV_480,ASV_15,-1,undirected,-
ASV_1629,ASV_15,-1,undirected,-
ASV_543,ASV_15,1,undirected,+
ASV_1005,ASV_15,-1,undirected,-
ASV_9,ASV_1,1,undirected,+
ASV_417,ASV_1,1,undirected,+
ASV_3,ASV_1,-1,undirected,-
ASV_336,ASV_1,1,undirected,+
ASV_223,ASV_1,-1,undirected,-
ASV_634,ASV_1,1,undirected,+
ASV_383,ASV_1,1,undirected,+
ASV_391,ASV_1,1,undirected,+
ASV_170,ASV_1,1,undirected,+
ASV_540,ASV_1,1,undirected,+
ASV_341,ASV_1,1,undirected,+
ASV_827,ASV_1,1,undirected,+
ASV_10,ASV_2,-1,undirected,-
ASV_72,ASV_2,-1,undirected,-
ASV_126,ASV_2,1,undirected,+
ASV_39,ASV_2,-1,undirected,-
ASV_210,ASV_2,1,undirected,+
ASV_84,ASV_2,-1,undirected,-
ASV_185,ASV_2,-1,undirected,-
ASV_573,ASV_2,1,undirected,+
ASV_24,ASV_2,-1,undirected,-
ASV_225,ASV_2,-1,undirected,-
ASV_499,ASV_2,-1,undirected,-
ASV_28,ASV_43,-1,undirected,-
ASV_93,ASV_43,1,undirected,+
ASV_82,ASV_43,-1,undirected,-
ASV_1610,ASV_43,-1,undirected,-
ASV_529,ASV_43,1,undirected,+
ASV_315,ASV_43,1,undirected,+
ASV_959,ASV_43,-1,undirected,-
ASV_469,ASV_43,1,undirected,+
ASV_393,ASV_43,-1,undirected,-
ASV_1318,ASV_43,-1,undirected,-
ASV_719,ASV_43,1,undirected,+
ASV_651,ASV_43,1,undirected,+
ASV_33,ASV_6,1,undirected,+
ASV_20,ASV_6,1,undirected,+
ASV_333,ASV_6,-1,undirected,-
ASV_196,ASV_6,-1,undirected,-
ASV_938,ASV_6,1,undirected,+
ASV_152,ASV_6,1,undirected,+
ASV_378,ASV_6,-1,undirected,-
ASV_468,ASV_6,-1,undirected,-
ASV_438,ASV_6,-1,undirected,-
ASV_1272,ASV_6,1,undirected,+
ASV_614,ASV_6,-1,undirected,-
ASV_474,ASV_6,1,undirected,+
ASV_417,ASV_9,1,undirected,+
ASV_3,ASV_9,-1,undirected,-
ASV_336,ASV_9,1,undirected,+
ASV_223,ASV_9,-1,undirected,-
ASV_634,ASV_9,1,undirected,+
ASV_383,ASV_9,1,undirected,+
ASV_391,ASV_9,1,undirected,+
ASV_170,ASV_9,1,undirected,+
ASV_540,ASV_9,1,undirected,+
ASV_341,ASV_9,1,undirected,+
ASV_827,ASV_9,1,undirected,+
ASV_25,ASV_13,1,undirected,+
ASV_75,ASV_13,1,undirected,+
ASV_83,ASV_13,1,undirected,+
ASV_95,ASV_13,1,undirected,+
ASV_103,ASV_13,1,undirected,+
ASV_101,ASV_13,1,undirected,+
ASV_106,ASV_13,1,undirected,+
ASV_151,ASV_13,1,undirected,+
ASV_1368,ASV_13,-1,undirected,-
ASV_436,ASV_13,1,undirected,+
ASV_495,ASV_13,-1,undirected,-
ASV_1041,ASV_13,-1,undirected,-
ASV_583,ASV_13,1,undirected,+
ASV_716,ASV_13,1,undirected,+
ASV_11,ASV_21,-1,undirected,-
ASV_201,ASV_21,1,undirected,+
ASV_1446,ASV_21,1,undirected,+
ASV_1605,ASV_21,1,undirected,+
ASV_1448,ASV_21,1,undirected,+
ASV_193,ASV_21,1,undirected,+
ASV_554,ASV_21,-1,undirected,-
ASV_536,ASV_21,-1,undirected,-
ASV_332,ASV_21,1,undirected,+
ASV_370,ASV_21,1,undirected,+
ASV_314,ASV_21,1,undirected,+
ASV_171,ASV_21,-1,undirected,-
ASV_364,ASV_21,1,undirected,+
ASV_656,ASV_21,1,undirected,+
ASV_480,ASV_21,-1,undirected,-
ASV_1629,ASV_21,-1,undirected,-
ASV_543,ASV_21,1,undirected,+
ASV_1005,ASV_21,-1,undirected,-
ASV_1569,ASV_37,1,undirected,+
ASV_259,ASV_37,1,undirected,+
ASV_381,ASV_37,-1,undirected,-
ASV_1491,ASV_37,-1,undirected,-
ASV_397,ASV_37,-1,undirected,-
ASV_697,ASV_37,-1,undirected,-
ASV_303,ASV_37,-1,undirected,-
ASV_17,ASV_37,1,undirected,+
ASV_321,ASV_37,1,undirected,+
ASV_1230,ASV_37,1,undirected,+
ASV_950,ASV_37,-1,undirected,-
ASV_30,ASV_36,1,undirected,+
ASV_44,ASV_36,-1,undirected,-
ASV_1365,ASV_36,-1,undirected,-
ASV_59,ASV_36,-1,undirected,-
ASV_54,ASV_36,1,undirected,+
ASV_450,ASV_36,-1,undirected,-
ASV_174,ASV_36,-1,undirected,-
ASV_263,ASV_36,1,undirected,+
ASV_609,ASV_36,1,undirected,+
ASV_229,ASV_36,1,undirected,+
ASV_649,ASV_36,1,undirected,+
ASV_98,ASV_36,-1,undirected,-
ASV_360,ASV_36,1,undirected,+
ASV_407,ASV_36,-1,undirected,-
ASV_419,ASV_36,-1,undirected,-
ASV_482,ASV_36,-1,undirected,-
ASV_834,ASV_36,-1,undirected,-
ASV_72,ASV_10,1,undirected,+
ASV_126,ASV_10,-1,undirected,-
ASV_39,ASV_10,1,undirected,+
ASV_210,ASV_10,-1,undirected,-
ASV_84,ASV_10,1,undirected,+
ASV_185,ASV_10,1,undirected,+
ASV_573,ASV_10,-1,undirected,-
ASV_24,ASV_10,1,undirected,+
ASV_225,ASV_10,1,undirected,+
ASV_499,ASV_10,1,undirected,+
ASV_149,ASV_12,1,undirected,+
ASV_599,ASV_12,-1,undirected,-
ASV_199,ASV_12,-1,undirected,-
ASV_227,ASV_12,1,undirected,+
ASV_251,ASV_12,1,undirected,+
ASV_41,ASV_12,-1,undirected,-
ASV_1450,ASV_35,1,undirected,+
ASV_134,ASV_35,-1,undirected,-
ASV_629,ASV_35,-1,undirected,-
ASV_239,ASV_35,-1,undirected,-
ASV_254,ASV_35,-1,undirected,-
ASV_406,ASV_35,-1,undirected,-
ASV_260,ASV_35,-1,undirected,-
ASV_86,ASV_23,1,undirected,+
ASV_100,ASV_23,-1,undirected,-
ASV_22,ASV_23,1,undirected,+
ASV_110,ASV_23,1,undirected,+
ASV_145,ASV_23,1,undirected,+
ASV_1141,ASV_23,-1,undirected,-
ASV_121,ASV_23,1,undirected,+
ASV_120,ASV_23,1,undirected,+
ASV_1314,ASV_23,-1,undirected,-
ASV_362,ASV_23,-1,undirected,-
ASV_1540,ASV_23,-1,undirected,-
ASV_541,ASV_23,1,undirected,+
ASV_129,ASV_19,-1,undirected,-
ASV_141,ASV_19,-1,undirected,-
ASV_236,ASV_19,-1,undirected,-
ASV_447,ASV_19,1,undirected,+
ASV_198,ASV_19,-1,undirected,-
ASV_637,ASV_19,1,undirected,+
ASV_8,ASV_19,1,undirected,+
ASV_44,ASV_30,-1,undirected,-
ASV_1365,ASV_30,-1,undirected,-
ASV_59,ASV_30,-1,undirected,-
ASV_54,ASV_30,1,undirected,+
ASV_450,ASV_30,-1,undirected,-
ASV_174,ASV_30,-1,undirected,-
ASV_263,ASV_30,1,undirected,+
ASV_609,ASV_30,1,undirected,+
ASV_229,ASV_30,1,undirected,+
ASV_649,ASV_30,1,undirected,+
ASV_98,ASV_30,-1,undirected,-
ASV_360,ASV_30,1,undirected,+
ASV_407,ASV_30,-1,undirected,-
ASV_419,ASV_30,-1,undirected,-
ASV_482,ASV_30,-1,undirected,-
ASV_834,ASV_30,-1,undirected,-
ASV_201,ASV_11,-1,undirected,-
ASV_1446,ASV_11,-1,undirected,-
ASV_1605,ASV_11,-1,undirected,-
ASV_1448,ASV_11,-1,undirected,-
ASV_193,ASV_11,-1,undirected,-
ASV_554,ASV_11,1,undirected,+
ASV_536,ASV_11,1,undirected,+
ASV_332,ASV_11,-1,undirected,-
ASV_370,ASV_11,-1,undirected,-
ASV_314,ASV_11,-1,undirected,-
ASV_171,ASV_11,1,undirected,+
ASV_364,ASV_11,-1,undirected,-
ASV_656,ASV_11,-1,undirected,-
ASV_480,ASV_11,1,undirected,+
ASV_1629,ASV_11,1,undirected,+
ASV_543,ASV_11,-1,undirected,-
ASV_1005,ASV_11,1,undirected,+
ASV_5,ASV_16,1,undirected,+
ASV_127,ASV_16,-1,undirected,-
ASV_1412,ASV_16,1,undirected,+
ASV_276,ASV_16,1,undirected,+
ASV_211,ASV_16,-1,undirected,-
ASV_179,ASV_16,1,undirected,+
ASV_268,ASV_16,-1,undirected,-
ASV_490,ASV_16,-1,undirected,-
ASV_249,ASV_16,1,undirected,+
ASV_306,ASV_16,-1,undirected,-
ASV_304,ASV_16,-1,undirected,-
ASV_312,ASV_16,-1,undirected,-
ASV_228,ASV_16,-1,undirected,-
ASV_416,ASV_16,-1,undirected,-
ASV_330,ASV_16,-1,undirected,-
ASV_1553,ASV_16,1,undirected,+
ASV_411,ASV_16,1,undirected,+
ASV_483,ASV_16,-1,undirected,-
ASV_933,ASV_16,1,undirected,+
ASV_388,ASV_16,1,undirected,+
ASV_519,ASV_16,-1,undirected,-
ASV_1658,ASV_465,1,undirected,+
ASV_1071,ASV_465,1,undirected,+
ASV_173,ASV_465,1,undirected,+
ASV_409,ASV_465,-1,undirected,-
ASV_29,ASV_27,1,undirected,+
ASV_113,ASV_27,1,undirected,+
ASV_231,ASV_27,1,undirected,+
ASV_105,ASV_27,-1,undirected,-
ASV_90,ASV_27,-1,undirected,-
ASV_234,ASV_27,1,undirected,+
ASV_323,ASV_27,-1,undirected,-
ASV_435,ASV_27,1,undirected,+
ASV_118,ASV_91,1,undirected,+
ASV_26,ASV_91,-1,undirected,-
ASV_209,ASV_91,-1,undirected,-
ASV_252,ASV_91,-1,undirected,-
ASV_673,ASV_91,1,undirected,+
ASV_275,ASV_91,-1,undirected,-
ASV_226,ASV_91,1,undirected,+
ASV_122,ASV_91,1,undirected,+
ASV_60,ASV_91,-1,undirected,-
ASV_352,ASV_91,1,undirected,+
ASV_427,ASV_91,-1,undirected,-
ASV_769,ASV_91,1,undirected,+
ASV_885,ASV_91,-1,undirected,-
ASV_20,ASV_33,1,undirected,+
ASV_333,ASV_33,-1,undirected,-
ASV_196,ASV_33,-1,undirected,-
ASV_938,ASV_33,1,undirected,+
ASV_152,ASV_33,1,undirected,+
ASV_378,ASV_33,-1,undirected,-
ASV_468,ASV_33,-1,undirected,-
ASV_438,ASV_33,-1,undirected,-
ASV_1272,ASV_33,1,undirected,+
ASV_614,ASV_33,-1,undirected,-
ASV_474,ASV_33,1,undirected,+
ASV_100,ASV_86,-1,undirected,-
ASV_22,ASV_86,1,undirected,+
ASV_110,ASV_86,1,undirected,+
ASV_145,ASV_86,1,undirected,+
ASV_1141,ASV_86,-1,undirected,-
ASV_121,ASV_86,1,undirected,+
ASV_120,ASV_86,1,undirected,+
ASV_1314,ASV_86,-1,undirected,-
ASV_362,ASV_86,-1,undirected,-
ASV_1540,ASV_86,-1,undirected,-
ASV_541,ASV_86,1,undirected,+
ASV_46,ASV_1253,1,undirected,+
ASV_182,ASV_1253,-1,undirected,-
ASV_1505,ASV_1253,1,undirected,+
ASV_485,ASV_1253,-1,undirected,-
ASV_241,ASV_1253,-1,undirected,-
ASV_167,ASV_1253,1,undirected,+
ASV_386,ASV_1253,-1,undirected,-
ASV_425,ASV_1253,-1,undirected,-
ASV_440,ASV_1253,-1,undirected,-
ASV_828,ASV_1253,1,undirected,+
ASV_616,ASV_1253,1,undirected,+
ASV_97,ASV_52,-1,undirected,-
ASV_74,ASV_52,1,undirected,+
ASV_1582,ASV_52,-1,undirected,-
ASV_271,ASV_52,-1,undirected,-
ASV_1022,ASV_52,1,undirected,+
ASV_1652,ASV_52,-1,undirected,-
ASV_299,ASV_52,-1,undirected,-
ASV_218,ASV_52,1,undirected,+
ASV_1567,ASV_52,1,undirected,+
ASV_461,ASV_52,1,undirected,+
ASV_770,ASV_52,1,undirected,+
ASV_359,ASV_52,-1,undirected,-
ASV_1365,ASV_44,1,undirected,+
ASV_59,ASV_44,1,undirected,+
ASV_54,ASV_44,-1,undirected,-
ASV_450,ASV_44,1,undirected,+
ASV_174,ASV_44,1,undirected,+
ASV_263,ASV_44,-1,undirected,-
ASV_609,ASV_44,-1,undirected,-
ASV_229,ASV_44,-1,undirected,-
ASV_649,ASV_44,-1,undirected,-
ASV_98,ASV_44,1,undirected,+
ASV_360,ASV_44,-1,undirected,-
ASV_407,ASV_44,1,undirected,+
ASV_419,ASV_44,1,undirected,+
ASV_482,ASV_44,1,undirected,+
ASV_834,ASV_44,1,undirected,+
ASV_3,ASV_417,-1,undirected,-
ASV_336,ASV_417,1,undirected,+
ASV_223,ASV_417,-1,undirected,-
ASV_634,ASV_417,1,undirected,+
ASV_383,ASV_417,1,undirected,+
ASV_391,ASV_417,1,undirected,+
ASV_170,ASV_417,1,undirected,+
ASV_540,ASV_417,1,undirected,+
ASV_341,ASV_417,1,undirected,+
ASV_827,ASV_417,1,undirected,+
ASV_59,ASV_1365,1,undirected,+
ASV_54,ASV_1365,-1,undirected,-
ASV_450,ASV_1365,1,undirected,+
ASV_174,ASV_1365,1,undirected,+
ASV_263,ASV_1365,-1,undirected,-
ASV_609,ASV_1365,-1,undirected,-
ASV_229,ASV_1365,-1,undirected,-
ASV_649,ASV_1365,-1,undirected,-
ASV_98,ASV_1365,1,undirected,+
ASV_360,ASV_1365,-1,undirected,-
ASV_407,ASV_1365,1,undirected,+
ASV_419,ASV_1365,1,undirected,+
ASV_482,ASV_1365,1,undirected,+
ASV_834,ASV_1365,1,undirected,+
ASV_75,ASV_25,1,undirected,+
ASV_83,ASV_25,1,undirected,+
ASV_95,ASV_25,1,undirected,+
ASV_103,ASV_25,1,undirected,+
ASV_101,ASV_25,1,undirected,+
ASV_106,ASV_25,1,undirected,+
ASV_151,ASV_25,1,undirected,+
ASV_1368,ASV_25,-1,undirected,-
ASV_436,ASV_25,1,undirected,+
ASV_495,ASV_25,-1,undirected,-
ASV_1041,ASV_25,-1,undirected,-
ASV_583,ASV_25,1,undirected,+
ASV_716,ASV_25,1,undirected,+
ASV_93,ASV_28,-1,undirected,-
ASV_82,ASV_28,1,undirected,+
ASV_1610,ASV_28,1,undirected,+
ASV_529,ASV_28,-1,undirected,-
ASV_315,ASV_28,-1,undirected,-
ASV_959,ASV_28,1,undirected,+
ASV_469,ASV_28,-1,undirected,-
ASV_393,ASV_28,1,undirected,+
ASV_1318,ASV_28,1,undirected,+
ASV_719,ASV_28,-1,undirected,-
ASV_651,ASV_28,-1,undirected,-
ASV_54,ASV_59,-1,undirected,-
ASV_450,ASV_59,1,undirected,+
ASV_174,ASV_59,1,undirected,+
ASV_263,ASV_59,-1,undirected,-
ASV_609,ASV_59,-1,undirected,-
ASV_229,ASV_59,-1,undirected,-
ASV_649,ASV_59,-1,undirected,-
ASV_98,ASV_59,1,undirected,+
ASV_360,ASV_59,-1,undirected,-
ASV_407,ASV_59,1,undirected,+
ASV_419,ASV_59,1,undirected,+
ASV_482,ASV_59,1,undirected,+
ASV_834,ASV_59,1,undirected,+
ASV_1446,ASV_201,1,undirected,+
ASV_1605,ASV_201,1,undirected,+
ASV_1448,ASV_201,1,undirected,+
ASV_193,ASV_201,1,undirected,+
ASV_554,ASV_201,-1,undirected,-
ASV_536,ASV_201,-1,undirected,-
ASV_332,ASV_201,1,undirected,+
ASV_370,ASV_201,1,undirected,+
ASV_314,ASV_201,1,undirected,+
ASV_171,ASV_201,-1,undirected,-
ASV_364,ASV_201,1,undirected,+
ASV_656,ASV_201,1,undirected,+
ASV_480,ASV_201,-1,undirected,-
ASV_1629,ASV_201,-1,undirected,-
ASV_543,ASV_201,1,undirected,+
ASV_1005,ASV_201,-1,undirected,-
ASV_74,ASV_97,-1,undirected,-
ASV_1582,ASV_97,1,undirected,+
ASV_271,ASV_97,1,undirected,+
ASV_1022,ASV_97,-1,undirected,-
ASV_1652,ASV_97,1,undirected,+
ASV_299,ASV_97,1,undirected,+
ASV_218,ASV_97,-1,undirected,-
ASV_1567,ASV_97,-1,undirected,-
ASV_461,ASV_97,-1,undirected,-
ASV_770,ASV_97,-1,undirected,-
ASV_359,ASV_97,1,undirected,+
ASV_113,ASV_29,1,undirected,+
ASV_231,ASV_29,1,undirected,+
ASV_105,ASV_29,-1,undirected,-
ASV_90,ASV_29,-1,undirected,-
ASV_234,ASV_29,1,undirected,+
ASV_323,ASV_29,-1,undirected,-
ASV_435,ASV_29,1,undirected,+
ASV_1614,ASV_38,1,undirected,+
ASV_944,ASV_38,-1,undirected,-
ASV_96,ASV_38,1,undirected,+
ASV_272,ASV_38,1,undirected,+
ASV_669,ASV_38,1,undirected,+
ASV_219,ASV_38,1,undirected,+
ASV_208,ASV_49,-1,undirected,-
ASV_114,ASV_49,1,undirected,+
ASV_139,ASV_49,1,undirected,+
ASV_377,ASV_49,1,undirected,+
ASV_131,ASV_49,1,undirected,+
ASV_437,ASV_49,-1,undirected,-
ASV_590,ASV_49,-1,undirected,-
ASV_494,ASV_49,1,undirected,+
ASV_127,ASV_5,-1,undirected,-
ASV_1412,ASV_5,1,undirected,+
ASV_276,ASV_5,1,undirected,+
ASV_211,ASV_5,-1,undirected,-
ASV_179,ASV_5,1,undirected,+
ASV_268,ASV_5,-1,undirected,-
ASV_490,ASV_5,-1,undirected,-
ASV_249,ASV_5,1,undirected,+
ASV_306,ASV_5,-1,undirected,-
ASV_304,ASV_5,-1,undirected,-
ASV_312,ASV_5,-1,undirected,-
ASV_228,ASV_5,-1,undirected,-
ASV_416,ASV_5,-1,undirected,-
ASV_330,ASV_5,-1,undirected,-
ASV_1553,ASV_5,1,undirected,+
ASV_411,ASV_5,1,undirected,+
ASV_483,ASV_5,-1,undirected,-
ASV_933,ASV_5,1,undirected,+
ASV_388,ASV_5,1,undirected,+
ASV_519,ASV_5,-1,undirected,-
ASV_68,ASV_81,1,undirected,+
ASV_1046,ASV_81,-1,undirected,-
ASV_1497,ASV_81,-1,undirected,-
ASV_204,ASV_81,1,undirected,+
ASV_235,ASV_81,1,undirected,+
ASV_242,ASV_81,1,undirected,+
ASV_867,ASV_81,-1,undirected,-
ASV_1111,ASV_81,1,undirected,+
ASV_309,ASV_81,-1,undirected,-
ASV_807,ASV_81,1,undirected,+
ASV_431,ASV_81,1,undirected,+
ASV_1486,ASV_81,-1,undirected,-
ASV_1165,ASV_81,1,undirected,+
ASV_274,ASV_67,1,undirected,+
ASV_285,ASV_67,1,undirected,+
ASV_109,ASV_67,-1,undirected,-
ASV_493,ASV_67,-1,undirected,-
ASV_26,ASV_118,-1,undirected,-
ASV_209,ASV_118,-1,undirected,-
ASV_252,ASV_118,-1,undirected,-
ASV_673,ASV_118,1,undirected,+
ASV_275,ASV_118,-1,undirected,-
ASV_226,ASV_118,1,undirected,+
ASV_122,ASV_118,1,undirected,+
ASV_60,ASV_118,-1,undirected,-
ASV_352,ASV_118,1,undirected,+
ASV_427,ASV_118,-1,undirected,-
ASV_769,ASV_118,1,undirected,+
ASV_885,ASV_118,-1,undirected,-
ASV_135,ASV_55,1,undirected,+
ASV_800,ASV_55,-1,undirected,-
ASV_459,ASV_55,1,undirected,+
ASV_243,ASV_55,1,undirected,+
ASV_428,ASV_55,1,undirected,+
ASV_1552,ASV_55,-1,undirected,-
ASV_387,ASV_55,1,undirected,+
ASV_289,ASV_55,1,undirected,+
ASV_348,ASV_55,1,undirected,+
ASV_1582,ASV_74,-1,undirected,-
ASV_271,ASV_74,-1,undirected,-
ASV_1022,ASV_74,1,undirected,+
ASV_1652,ASV_74,-1,undirected,-
ASV_299,ASV_74,-1,undirected,-
ASV_218,ASV_74,1,undirected,+
ASV_1567,ASV_74,1,undirected,+
ASV_461,ASV_74,1,undirected,+
ASV_770,ASV_74,1,undirected,+
ASV_359,ASV_74,-1,undirected,-
ASV_157,ASV_158,-1,undirected,-
ASV_102,ASV_158,1,undirected,+
ASV_233,ASV_158,1,undirected,+
ASV_143,ASV_158,-1,undirected,-
ASV_94,ASV_158,-1,undirected,-
ASV_890,ASV_158,1,undirected,+
ASV_527,ASV_158,1,undirected,+
ASV_134,ASV_1450,-1,undirected,-
ASV_629,ASV_1450,-1,undirected,-
ASV_239,ASV_1450,-1,undirected,-
ASV_254,ASV_1450,-1,undirected,-
ASV_406,ASV_1450,-1,undirected,-
ASV_260,ASV_1450,-1,undirected,-
ASV_333,ASV_20,-1,undirected,-
ASV_196,ASV_20,-1,undirected,-
ASV_938,ASV_20,1,undirected,+
ASV_152,ASV_20,1,undirected,+
ASV_378,ASV_20,-1,undirected,-
ASV_468,ASV_20,-1,undirected,-
ASV_438,ASV_20,-1,undirected,-
ASV_1272,ASV_20,1,undirected,+
ASV_614,ASV_20,-1,undirected,-
ASV_474,ASV_20,1,undirected,+
ASV_83,ASV_75,1,undirected,+
ASV_95,ASV_75,1,undirected,+
ASV_103,ASV_75,1,undirected,+
ASV_101,ASV_75,1,undirected,+
ASV_106,ASV_75,1,undirected,+
ASV_151,ASV_75,1,undirected,+
ASV_1368,ASV_75,-1,undirected,-
ASV_436,ASV_75,1,undirected,+
ASV_495,ASV_75,-1,undirected,-
ASV_1041,ASV_75,-1,undirected,-
ASV_583,ASV_75,1,undirected,+
ASV_716,ASV_75,1,undirected,+
ASV_95,ASV_83,1,undirected,+
ASV_103,ASV_83,1,undirected,+
ASV_101,ASV_83,1,undirected,+
ASV_106,ASV_83,1,undirected,+
ASV_151,ASV_83,1,undirected,+
ASV_1368,ASV_83,-1,undirected,-
ASV_436,ASV_83,1,undirected,+
ASV_495,ASV_83,-1,undirected,-
ASV_1041,ASV_83,-1,undirected,-
ASV_583,ASV_83,1,undirected,+
ASV_716,ASV_83,1,undirected,+
ASV_175,ASV_137,-1,undirected,-
ASV_169,ASV_137,-1,undirected,-
ASV_57,ASV_137,-1,undirected,-
ASV_460,ASV_137,1,undirected,+
ASV_154,ASV_137,1,undirected,+
ASV_279,ASV_137,-1,undirected,-
ASV_873,ASV_137,1,undirected,+
ASV_1240,ASV_137,1,undirected,+
ASV_1550,ASV_137,1,undirected,+
ASV_117,ASV_137,1,undirected,+
ASV_206,ASV_137,1,undirected,+
ASV_257,ASV_137,1,undirected,+
ASV_545,ASV_137,-1,undirected,-
ASV_265,ASV_137,1,undirected,+
ASV_1454,ASV_137,1,undirected,+
ASV_203,ASV_137,1,undirected,+
ASV_126,ASV_72,-1,undirected,-
ASV_39,ASV_72,1,undirected,+
ASV_210,ASV_72,-1,undirected,-
ASV_84,ASV_72,1,undirected,+
ASV_185,ASV_72,1,undirected,+
ASV_573,ASV_72,-1,undirected,-
ASV_24,ASV_72,1,undirected,+
ASV_225,ASV_72,1,undirected,+
ASV_499,ASV_72,1,undirected,+
ASV_103,ASV_95,1,undirected,+
ASV_101,ASV_95,1,undirected,+
ASV_106,ASV_95,1,undirected,+
ASV_151,ASV_95,1,undirected,+
ASV_1368,ASV_95,-1,undirected,-
ASV_436,ASV_95,1,undirected,+
ASV_495,ASV_95,-1,undirected,-
ASV_1041,ASV_95,-1,undirected,-
ASV_583,ASV_95,1,undirected,+
ASV_716,ASV_95,1,undirected,+
ASV_39,ASV_126,-1,undirected,-
ASV_210,ASV_126,1,undirected,+
ASV_84,ASV_126,-1,undirected,-
ASV_185,ASV_126,-1,undirected,-
ASV_573,ASV_126,1,undirected,+
ASV_24,ASV_126,-1,undirected,-
ASV_225,ASV_126,-1,undirected,-
ASV_499,ASV_126,-1,undirected,-
ASV_22,ASV_100,-1,undirected,-
ASV_110,ASV_100,-1,undirected,-
ASV_145,ASV_100,-1,undirected,-
ASV_1141,ASV_100,1,undirected,+
ASV_121,ASV_100,-1,undirected,-
ASV_120,ASV_100,-1,undirected,-
ASV_1314,ASV_100,1,undirected,+
ASV_362,ASV_100,1,undirected,+
ASV_1540,ASV_100,1,undirected,+
ASV_541,ASV_100,-1,undirected,-
ASV_214,ASV_50,1,undirected,+
ASV_269,ASV_50,1,undirected,+
ASV_564,ASV_50,-1,undirected,-
ASV_31,ASV_50,1,undirected,+
ASV_114,ASV_208,-1,undirected,-
ASV_139,ASV_208,-1,undirected,-
ASV_377,ASV_208,-1,undirected,-
ASV_131,ASV_208,-1,undirected,-
ASV_437,ASV_208,1,undirected,+
ASV_590,ASV_208,1,undirected,+
ASV_494,ASV_208,-1,undirected,-
ASV_210,ASV_39,-1,undirected,-
ASV_84,ASV_39,1,undirected,+
ASV_185,ASV_39,1,undirected,+
ASV_573,ASV_39,-1,undirected,-
ASV_24,ASV_39,1,undirected,+
ASV_225,ASV_39,1,undirected,+
ASV_499,ASV_39,1,undirected,+
ASV_800,ASV_135,-1,undirected,-
ASV_459,ASV_135,1,undirected,+
ASV_243,ASV_135,1,undirected,+
ASV_428,ASV_135,1,undirected,+
ASV_1552,ASV_135,-1,undirected,-
ASV_387,ASV_135,1,undirected,+
ASV_289,ASV_135,1,undirected,+
ASV_348,ASV_135,1,undirected,+
ASV_87,ASV_48,1,undirected,+
ASV_188,ASV_130,-1,undirected,-
ASV_1479,ASV_130,1,undirected,+
ASV_250,ASV_130,1,undirected,+
ASV_61,ASV_130,-1,undirected,-
ASV_623,ASV_130,-1,undirected,-
ASV_608,ASV_130,1,undirected,+
ASV_231,ASV_113,1,undirected,+
ASV_105,ASV_113,-1,undirected,-
ASV_90,ASV_113,-1,undirected,-
ASV_234,ASV_113,1,undirected,+
ASV_323,ASV_113,-1,undirected,-
ASV_435,ASV_113,1,undirected,+
ASV_273,ASV_64,1,undirected,+
ASV_569,ASV_64,-1,undirected,-
ASV_402,ASV_64,1,undirected,+
ASV_588,ASV_64,-1,undirected,-
ASV_1046,ASV_68,-1,undirected,-
ASV_1497,ASV_68,-1,undirected,-
ASV_204,ASV_68,1,undirected,+
ASV_235,ASV_68,1,undirected,+
ASV_242,ASV_68,1,undirected,+
ASV_867,ASV_68,-1,undirected,-
ASV_1111,ASV_68,1,undirected,+
ASV_309,ASV_68,-1,undirected,-
ASV_807,ASV_68,1,undirected,+
ASV_431,ASV_68,1,undirected,+
ASV_1486,ASV_68,-1,undirected,-
ASV_1165,ASV_68,1,undirected,+
ASV_166,ASV_111,1,undirected,+
ASV_172,ASV_111,-1,undirected,-
ASV_284,ASV_111,-1,undirected,-
ASV_261,ASV_111,-1,undirected,-
ASV_737,ASV_111,-1,undirected,-
ASV_690,ASV_111,1,undirected,+
ASV_706,ASV_111,1,undirected,+
ASV_555,ASV_111,-1,undirected,-
ASV_452,ASV_111,-1,undirected,-
ASV_667,ASV_111,-1,undirected,-
ASV_1412,ASV_127,-1,undirected,-
ASV_276,ASV_127,-1,undirected,-
ASV_211,ASV_127,1,undirected,+
ASV_179,ASV_127,-1,undirected,-
ASV_268,ASV_127,1,undirected,+
ASV_490,ASV_127,1,undirected,+
ASV_249,ASV_127,-1,undirected,-
ASV_306,ASV_127,1,undirected,+
ASV_304,ASV_127,1,undirected,+
ASV_312,ASV_127,1,undirected,+
ASV_228,ASV_127,1,undirected,+
ASV_416,ASV_127,1,undirected,+
ASV_330,ASV_127,1,undirected,+
ASV_1553,ASV_127,-1,undirected,-
ASV_411,ASV_127,-1,undirected,-
ASV_483,ASV_127,1,undirected,+
ASV_933,ASV_127,-1,undirected,-
ASV_388,ASV_127,-1,undirected,-
ASV_519,ASV_127,1,undirected,+
ASV_102,ASV_157,-1,undirected,-
ASV_233,ASV_157,-1,undirected,-
ASV_143,ASV_157,1,undirected,+
ASV_94,ASV_157,1,undirected,+
ASV_890,ASV_157,-1,undirected,-
ASV_527,ASV_157,-1,undirected,-
ASV_99,ASV_150,1,undirected,+
ASV_298,ASV_150,1,undirected,+
ASV_71,ASV_150,1,undirected,+
ASV_47,ASV_150,1,undirected,+
ASV_192,ASV_150,1,undirected,+
ASV_184,ASV_150,1,undirected,+
ASV_420,ASV_150,1,undirected,+
ASV_34,ASV_150,1,undirected,+
ASV_375,ASV_150,-1,undirected,-
ASV_698,ASV_150,1,undirected,+
ASV_147,ASV_150,1,undirected,+
ASV_484,ASV_150,1,undirected,+
ASV_1071,ASV_1658,1,undirected,+
ASV_173,ASV_1658,1,undirected,+
ASV_409,ASV_1658,-1,undirected,-
ASV_104,ASV_14,1,undirected,+
ASV_42,ASV_14,-1,undirected,-
ASV_1627,ASV_14,1,undirected,+
ASV_213,ASV_14,-1,undirected,-
ASV_512,ASV_14,1,undirected,+
ASV_533,ASV_14,-1,undirected,-
ASV_1605,ASV_1446,1,undirected,+
ASV_1448,ASV_1446,1,undirected,+
ASV_193,ASV_1446,1,undirected,+
ASV_554,ASV_1446,-1,undirected,-
ASV_536,ASV_1446,-1,undirected,-
ASV_332,ASV_1446,1,undirected,+
ASV_370,ASV_1446,1,undirected,+
ASV_314,ASV_1446,1,undirected,+
ASV_171,ASV_1446,-1,undirected,-
ASV_364,ASV_1446,1,undirected,+
ASV_656,ASV_1446,1,undirected,+
ASV_480,ASV_1446,-1,undirected,-
ASV_1629,ASV_1446,-1,undirected,-
ASV_543,ASV_1446,1,undirected,+
ASV_1005,ASV_1446,-1,undirected,-
ASV_110,ASV_22,1,undirected,+
ASV_145,ASV_22,1,undirected,+
ASV_1141,ASV_22,-1,undirected,-
ASV_121,ASV_22,1,undirected,+
ASV_120,ASV_22,1,undirected,+
ASV_1314,ASV_22,-1,undirected,-
ASV_362,ASV_22,-1,undirected,-
ASV_1540,ASV_22,-1,undirected,-
ASV_541,ASV_22,1,undirected,+
ASV_139,ASV_114,1,undirected,+
ASV_377,ASV_114,1,undirected,+
ASV_131,ASV_114,1,undirected,+
ASV_437,ASV_114,-1,undirected,-
ASV_590,ASV_114,-1,undirected,-
ASV_494,ASV_114,1,undirected,+
ASV_450,ASV_54,-1,undirected,-
ASV_174,ASV_54,-1,undirected,-
ASV_263,ASV_54,1,undirected,+
ASV_609,ASV_54,1,undirected,+
ASV_229,ASV_54,1,undirected,+
ASV_649,ASV_54,1,undirected,+
ASV_98,ASV_54,-1,undirected,-
ASV_360,ASV_54,1,undirected,+
ASV_407,ASV_54,-1,undirected,-
ASV_419,ASV_54,-1,undirected,-
ASV_482,ASV_54,-1,undirected,-
ASV_834,ASV_54,-1,undirected,-
ASV_133,ASV_78,-1,undirected,-
ASV_405,ASV_78,-1,undirected,-
ASV_403,ASV_78,1,undirected,+
ASV_176,ASV_78,1,undirected,+
ASV_305,ASV_78,1,undirected,+
ASV_531,ASV_78,1,undirected,+
ASV_266,ASV_78,1,undirected,+
ASV_308,ASV_78,1,undirected,+
ASV_631,ASV_78,-1,undirected,-
ASV_182,ASV_46,-1,undirected,-
ASV_1505,ASV_46,1,undirected,+
ASV_485,ASV_46,-1,undirected,-
ASV_241,ASV_46,-1,undirected,-
ASV_167,ASV_46,1,undirected,+
ASV_386,ASV_46,-1,undirected,-
ASV_425,ASV_46,-1,undirected,-
ASV_440,ASV_46,-1,undirected,-
ASV_828,ASV_46,1,undirected,+
ASV_616,ASV_46,1,undirected,+
ASV_84,ASV_210,-1,undirected,-
ASV_185,ASV_210,-1,undirected,-
ASV_573,ASV_210,1,undirected,+
ASV_24,ASV_210,-1,undirected,-
ASV_225,ASV_210,-1,undirected,-
ASV_499,ASV_210,-1,undirected,-
ASV_197,ASV_619,1,undirected,+
ASV_1246,ASV_619,1,undirected,+
ASV_743,ASV_619,1,undirected,+
ASV_539,ASV_619,-1,undirected,-
ASV_82,ASV_93,-1,undirected,-
ASV_1610,ASV_93,-1,undirected,-
ASV_529,ASV_93,1,undirected,+
ASV_315,ASV_93,1,undirected,+
ASV_959,ASV_93,-1,undirected,-
ASV_469,ASV_93,1,undirected,+
ASV_393,ASV_93,-1,undirected,-
ASV_1318,ASV_93,-1,undirected,-
ASV_719,ASV_93,1,undirected,+
ASV_651,ASV_93,1,undirected,+
ASV_196,ASV_333,1,undirected,+
ASV_938,ASV_333,-1,undirected,-
ASV_152,ASV_333,-1,undirected,-
ASV_378,ASV_333,1,undirected,+
ASV_468,ASV_333,1,undirected,+
ASV_438,ASV_333,1,undirected,+
ASV_1272,ASV_333,-1,undirected,-
ASV_614,ASV_333,1,undirected,+
ASV_474,ASV_333,-1,undirected,-
ASV_101,ASV_103,1,undirected,+
ASV_106,ASV_103,1,undirected,+
ASV_151,ASV_103,1,undirected,+
ASV_1368,ASV_103,-1,undirected,-
ASV_436,ASV_103,1,undirected,+
ASV_495,ASV_103,-1,undirected,-
ASV_1041,ASV_103,-1,undirected,-
ASV_583,ASV_103,1,undirected,+
ASV_716,ASV_103,1,undirected,+
ASV_106,ASV_101,1,undirected,+
ASV_151,ASV_101,1,undirected,+
ASV_1368,ASV_101,-1,undirected,-
ASV_436,ASV_101,1,undirected,+
ASV_495,ASV_101,-1,undirected,-
ASV_1041,ASV_101,-1,undirected,-
ASV_583,ASV_101,1,undirected,+
ASV_716,ASV_101,1,undirected,+
ASV_142,ASV_1413,1,undirected,+
ASV_107,ASV_1413,1,undirected,+
ASV_238,ASV_1413,1,undirected,+
ASV_727,ASV_1413,1,undirected,+
ASV_230,ASV_1413,-1,undirected,-
ASV_1337,ASV_1413,1,undirected,+
ASV_423,ASV_1413,1,undirected,+
ASV_1003,ASV_1413,-1,undirected,-
ASV_145,ASV_110,1,undirected,+
ASV_1141,ASV_110,-1,undirected,-
ASV_121,ASV_110,1,undirected,+
ASV_120,ASV_110,1,undirected,+
ASV_1314,ASV_110,-1,undirected,-
ASV_362,ASV_110,-1,undirected,-
ASV_1540,ASV_110,-1,undirected,-
ASV_541,ASV_110,1,undirected,+
ASV_233,ASV_102,1,undirected,+
ASV_143,ASV_102,-1,undirected,-
ASV_94,ASV_102,-1,undirected,-
ASV_890,ASV_102,1,undirected,+
ASV_527,ASV_102,1,undirected,+
ASV_526,ASV_256,1,undirected,+
ASV_172,ASV_166,-1,undirected,-
ASV_284,ASV_166,-1,undirected,-
ASV_261,ASV_166,-1,undirected,-
ASV_737,ASV_166,-1,undirected,-
ASV_690,ASV_166,1,undirected,+
ASV_706,ASV_166,1,undirected,+
ASV_555,ASV_166,-1,undirected,-
ASV_452,ASV_166,-1,undirected,-
ASV_667,ASV_166,-1,undirected,-
ASV_405,ASV_133,1,undirected,+
ASV_403,ASV_133,-1,undirected,-
ASV_176,ASV_133,-1,undirected,-
ASV_305,ASV_133,-1,undirected,-
ASV_531,ASV_133,-1,undirected,-
ASV_266,ASV_133,-1,undirected,-
ASV_308,ASV_133,-1,undirected,-
ASV_631,ASV_133,1,undirected,+
ASV_599,ASV_149,-1,undirected,-
ASV_199,ASV_149,-1,undirected,-
ASV_227,ASV_149,1,undirected,+
ASV_251,ASV_149,1,undirected,+
ASV_41,ASV_149,-1,undirected,-
ASV_1246,ASV_197,1,undirected,+
ASV_743,ASV_197,1,undirected,+
ASV_539,ASV_197,-1,undirected,-
ASV_377,ASV_139,1,undirected,+
ASV_131,ASV_139,1,undirected,+
ASV_437,ASV_139,-1,undirected,-
ASV_590,ASV_139,-1,undirected,-
ASV_494,ASV_139,1,undirected,+
ASV_276,ASV_1412,1,undirected,+
ASV_211,ASV_1412,-1,undirected,-
ASV_179,ASV_1412,1,undirected,+
ASV_268,ASV_1412,-1,undirected,-
ASV_490,ASV_1412,-1,undirected,-
ASV_249,ASV_1412,1,undirected,+
ASV_306,ASV_1412,-1,undirected,-
ASV_304,ASV_1412,-1,undirected,-
ASV_312,ASV_1412,-1,undirected,-
ASV_228,ASV_1412,-1,undirected,-
ASV_416,ASV_1412,-1,undirected,-
ASV_330,ASV_1412,-1,undirected,-
ASV_1553,ASV_1412,1,undirected,+
ASV_411,ASV_1412,1,undirected,+
ASV_483,ASV_1412,-1,undirected,-
ASV_933,ASV_1412,1,undirected,+
ASV_388,ASV_1412,1,undirected,+
ASV_519,ASV_1412,-1,undirected,-
ASV_300,ASV_85,1,undirected,+
ASV_162,ASV_85,-1,undirected,-
ASV_4,ASV_85,1,undirected,+
ASV_666,ASV_85,1,undirected,+
ASV_80,ASV_85,1,undirected,+
ASV_151,ASV_106,1,undirected,+
ASV_1368,ASV_106,-1,undirected,-
ASV_436,ASV_106,1,undirected,+
ASV_495,ASV_106,-1,undirected,-
ASV_1041,ASV_106,-1,undirected,-
ASV_583,ASV_106,1,undirected,+
ASV_716,ASV_106,1,undirected,+
ASV_42,ASV_104,-1,undirected,-
ASV_1627,ASV_104,1,undirected,+
ASV_213,ASV_104,-1,undirected,-
ASV_512,ASV_104,1,undirected,+
ASV_533,ASV_104,-1,undirected,-
ASV_200,ASV_88,1,undirected,+
ASV_124,ASV_88,-1,undirected,-
ASV_337,ASV_88,1,undirected,+
ASV_144,ASV_88,-1,undirected,-
ASV_1542,ASV_88,-1,undirected,-
ASV_105,ASV_231,-1,undirected,-
ASV_90,ASV_231,-1,undirected,-
ASV_234,ASV_231,1,undirected,+
ASV_323,ASV_231,-1,undirected,-
ASV_435,ASV_231,1,undirected,+
ASV_430,ASV_237,1,undirected,+
ASV_180,ASV_237,1,undirected,+
ASV_408,ASV_237,1,undirected,+
ASV_1448,ASV_1605,1,undirected,+
ASV_193,ASV_1605,1,undirected,+
ASV_554,ASV_1605,-1,undirected,-
ASV_536,ASV_1605,-1,undirected,-
ASV_332,ASV_1605,1,undirected,+
ASV_370,ASV_1605,1,undirected,+
ASV_314,ASV_1605,1,undirected,+
ASV_171,ASV_1605,-1,undirected,-
ASV_364,ASV_1605,1,undirected,+
ASV_656,ASV_1605,1,undirected,+
ASV_480,ASV_1605,-1,undirected,-
ASV_1629,ASV_1605,-1,undirected,-
ASV_543,ASV_1605,1,undirected,+
ASV_1005,ASV_1605,-1,undirected,-
ASV_398,ASV_244,-1,undirected,-
ASV_1364,ASV_138,-1,undirected,-
ASV_546,ASV_138,-1,undirected,-
ASV_571,ASV_138,-1,undirected,-
ASV_124,ASV_200,-1,undirected,-
ASV_337,ASV_200,1,undirected,+
ASV_144,ASV_200,-1,undirected,-
ASV_1542,ASV_200,-1,undirected,-
ASV_324,ASV_76,1,undirected,+
ASV_320,ASV_76,1,undirected,+
ASV_1440,ASV_76,1,undirected,+
ASV_1054,ASV_76,1,undirected,+
ASV_432,ASV_76,1,undirected,+
ASV_119,ASV_76,1,undirected,+
ASV_245,ASV_76,-1,undirected,-
ASV_380,ASV_76,1,undirected,+
ASV_594,ASV_76,1,undirected,+
ASV_572,ASV_76,1,undirected,+
ASV_403,ASV_405,-1,undirected,-
ASV_176,ASV_405,-1,undirected,-
ASV_305,ASV_405,-1,undirected,-
ASV_531,ASV_405,-1,undirected,-
ASV_266,ASV_405,-1,undirected,-
ASV_308,ASV_405,-1,undirected,-
ASV_631,ASV_405,1,undirected,+
ASV_1627,ASV_42,-1,undirected,-
ASV_213,ASV_42,1,undirected,+
ASV_512,ASV_42,-1,undirected,-
ASV_533,ASV_42,1,undirected,+
ASV_169,ASV_175,1,undirected,+
ASV_57,ASV_175,1,undirected,+
ASV_460,ASV_175,-1,undirected,-
ASV_154,ASV_175,-1,undirected,-
ASV_279,ASV_175,1,undirected,+
ASV_873,ASV_175,-1,undirected,-
ASV_1240,ASV_175,-1,undirected,-
ASV_1550,ASV_175,-1,undirected,-
ASV_117,ASV_175,-1,undirected,-
ASV_206,ASV_175,-1,undirected,-
ASV_257,ASV_175,-1,undirected,-
ASV_545,ASV_175,1,undirected,+
ASV_265,ASV_175,-1,undirected,-
ASV_1454,ASV_175,-1,undirected,-
ASV_203,ASV_175,-1,undirected,-
ASV_287,ASV_62,1,undirected,+
ASV_262,ASV_62,1,undirected,+
ASV_900,ASV_62,1,undirected,+
ASV_32,ASV_140,1,undirected,+
ASV_148,ASV_140,1,undirected,+
ASV_766,ASV_140,1,undirected,+
ASV_414,ASV_140,1,undirected,+
ASV_675,ASV_140,1,undirected,+
ASV_290,ASV_140,-1,undirected,-
ASV_586,ASV_140,1,undirected,+
ASV_57,ASV_169,1,undirected,+
ASV_460,ASV_169,-1,undirected,-
ASV_154,ASV_169,-1,undirected,-
ASV_279,ASV_169,1,undirected,+
ASV_873,ASV_169,-1,undirected,-
ASV_1240,ASV_169,-1,undirected,-
ASV_1550,ASV_169,-1,undirected,-
ASV_117,ASV_169,-1,undirected,-
ASV_206,ASV_169,-1,undirected,-
ASV_257,ASV_169,-1,undirected,-
ASV_545,ASV_169,1,undirected,+
ASV_265,ASV_169,-1,undirected,-
ASV_1454,ASV_169,-1,undirected,-
ASV_203,ASV_169,-1,undirected,-
ASV_141,ASV_129,1,undirected,+
ASV_236,ASV_129,1,undirected,+
ASV_447,ASV_129,-1,undirected,-
ASV_198,ASV_129,1,undirected,+
ASV_637,ASV_129,-1,undirected,-
ASV_8,ASV_129,-1,undirected,-
ASV_162,ASV_300,-1,undirected,-
ASV_4,ASV_300,1,undirected,+
ASV_666,ASV_300,1,undirected,+
ASV_80,ASV_300,1,undirected,+
ASV_1368,ASV_151,-1,undirected,-
ASV_436,ASV_151,1,undirected,+
ASV_495,ASV_151,-1,undirected,-
ASV_1041,ASV_151,-1,undirected,-
ASV_583,ASV_151,1,undirected,+
ASV_716,ASV_151,1,undirected,+
ASV_209,ASV_26,1,undirected,+
ASV_252,ASV_26,1,undirected,+
ASV_673,ASV_26,-1,undirected,-
ASV_275,ASV_26,1,undirected,+
ASV_226,ASV_26,-1,undirected,-
ASV_122,ASV_26,-1,undirected,-
ASV_60,ASV_26,1,undirected,+
ASV_352,ASV_26,-1,undirected,-
ASV_427,ASV_26,1,undirected,+
ASV_769,ASV_26,-1,undirected,-
ASV_885,ASV_26,1,undirected,+
ASV_629,ASV_134,1,undirected,+
ASV_239,ASV_134,1,undirected,+
ASV_254,ASV_134,1,undirected,+
ASV_406,ASV_134,1,undirected,+
ASV_260,ASV_134,1,undirected,+
ASV_487,ASV_159,-1,undirected,-
ASV_506,ASV_159,1,undirected,+
ASV_123,ASV_159,1,undirected,+
ASV_320,ASV_324,1,undirected,+
ASV_1440,ASV_324,1,undirected,+
ASV_1054,ASV_324,1,undirected,+
ASV_432,ASV_324,1,undirected,+
ASV_119,ASV_324,1,undirected,+
ASV_245,ASV_324,-1,undirected,-
ASV_380,ASV_324,1,undirected,+
ASV_594,ASV_324,1,undirected,+
ASV_572,ASV_324,1,undirected,+
ASV_90,ASV_105,1,undirected,+
ASV_234,ASV_105,-1,undirected,-
ASV_323,ASV_105,1,undirected,+
ASV_435,ASV_105,-1,undirected,-
ASV_1637,ASV_247,-1,undirected,-
ASV_479,ASV_247,1,undirected,+
ASV_286,ASV_247,-1,undirected,-
ASV_354,ASV_247,-1,undirected,-
ASV_317,ASV_247,1,undirected,+
ASV_565,ASV_247,1,undirected,+
ASV_174,ASV_450,1,undirected,+
ASV_263,ASV_450,-1,undirected,-
ASV_609,ASV_450,-1,undirected,-
ASV_229,ASV_450,-1,undirected,-
ASV_649,ASV_450,-1,undirected,-
ASV_98,ASV_450,1,undirected,+
ASV_360,ASV_450,-1,undirected,-
ASV_407,ASV_450,1,undirected,+
ASV_419,ASV_450,1,undirected,+
ASV_482,ASV_450,1,undirected,+
ASV_834,ASV_450,1,undirected,+
ASV_211,ASV_276,-1,undirected,-
ASV_179,ASV_276,1,undirected,+
ASV_268,ASV_276,-1,undirected,-
ASV_490,ASV_276,-1,undirected,-
ASV_249,ASV_276,1,undirected,+
ASV_306,ASV_276,-1,undirected,-
ASV_304,ASV_276,-1,undirected,-
ASV_312,ASV_276,-1,undirected,-
ASV_228,ASV_276,-1,undirected,-
ASV_416,ASV_276,-1,undirected,-
ASV_330,ASV_276,-1,undirected,-
ASV_1553,ASV_276,1,undirected,+
ASV_411,ASV_276,1,undirected,+
ASV_483,ASV_276,-1,undirected,-
ASV_933,ASV_276,1,undirected,+
ASV_388,ASV_276,1,undirected,+
ASV_519,ASV_276,-1,undirected,-
ASV_298,ASV_99,1,undirected,+
ASV_71,ASV_99,1,undirected,+
ASV_47,ASV_99,1,undirected,+
ASV_192,ASV_99,1,undirected,+
ASV_184,ASV_99,1,undirected,+
ASV_420,ASV_99,1,undirected,+
ASV_34,ASV_99,1,undirected,+
ASV_375,ASV_99,-1,undirected,-
ASV_698,ASV_99,1,undirected,+
ASV_147,ASV_99,1,undirected,+
ASV_484,ASV_99,1,undirected,+
ASV_234,ASV_90,-1,undirected,-
ASV_323,ASV_90,1,undirected,+
ASV_435,ASV_90,-1,undirected,-
ASV_193,ASV_1448,1,undirected,+
ASV_554,ASV_1448,-1,undirected,-
ASV_536,ASV_1448,-1,undirected,-
ASV_332,ASV_1448,1,undirected,+
ASV_370,ASV_1448,1,undirected,+
ASV_314,ASV_1448,1,undirected,+
ASV_171,ASV_1448,-1,undirected,-
ASV_364,ASV_1448,1,undirected,+
ASV_656,ASV_1448,1,undirected,+
ASV_480,ASV_1448,-1,undirected,-
ASV_1629,ASV_1448,-1,undirected,-
ASV_543,ASV_1448,1,undirected,+
ASV_1005,ASV_1448,-1,undirected,-
ASV_284,ASV_172,1,undirected,+
ASV_261,ASV_172,1,undirected,+
ASV_737,ASV_172,1,undirected,+
ASV_690,ASV_172,-1,undirected,-
ASV_706,ASV_172,-1,undirected,-
ASV_555,ASV_172,1,undirected,+
ASV_452,ASV_172,1,undirected,+
ASV_667,ASV_172,1,undirected,+
ASV_236,ASV_141,1,undirected,+
ASV_447,ASV_141,-1,undirected,-
ASV_198,ASV_141,1,undirected,+
ASV_637,ASV_141,-1,undirected,-
ASV_8,ASV_141,-1,undirected,-
ASV_554,ASV_193,-1,undirected,-
ASV_536,ASV_193,-1,undirected,-
ASV_332,ASV_193,1,undirected,+
ASV_370,ASV_193,1,undirected,+
ASV_314,ASV_193,1,undirected,+
ASV_171,ASV_193,-1,undirected,-
ASV_364,ASV_193,1,undirected,+
ASV_656,ASV_193,1,undirected,+
ASV_480,ASV_193,-1,undirected,-
ASV_1629,ASV_193,-1,undirected,-
ASV_543,ASV_193,1,undirected,+
ASV_1005,ASV_193,-1,undirected,-
ASV_1440,ASV_320,1,undirected,+
ASV_1054,ASV_320,1,undirected,+
ASV_432,ASV_320,1,undirected,+
ASV_119,ASV_320,1,undirected,+
ASV_245,ASV_320,-1,undirected,-
ASV_380,ASV_320,1,undirected,+
ASV_594,ASV_320,1,undirected,+
ASV_572,ASV_320,1,undirected,+
ASV_1497,ASV_1046,1,undirected,+
ASV_204,ASV_1046,-1,undirected,-
ASV_235,ASV_1046,-1,undirected,-
ASV_242,ASV_1046,-1,undirected,-
ASV_867,ASV_1046,1,undirected,+
ASV_1111,ASV_1046,-1,undirected,-
ASV_309,ASV_1046,1,undirected,+
ASV_807,ASV_1046,-1,undirected,-
ASV_431,ASV_1046,-1,undirected,-
ASV_1486,ASV_1046,1,undirected,+
ASV_1165,ASV_1046,-1,undirected,-
ASV_125,ASV_410,-1,undirected,-
ASV_1147,ASV_410,-1,undirected,-
ASV_108,ASV_410,1,undirected,+
ASV_190,ASV_410,1,undirected,+
ASV_542,ASV_410,1,undirected,+
ASV_239,ASV_629,1,undirected,+
ASV_254,ASV_629,1,undirected,+
ASV_406,ASV_629,1,undirected,+
ASV_260,ASV_629,1,undirected,+
ASV_1505,ASV_182,-1,undirected,-
ASV_485,ASV_182,1,undirected,+
ASV_241,ASV_182,1,undirected,+
ASV_167,ASV_182,-1,undirected,-
ASV_386,ASV_182,1,undirected,+
ASV_425,ASV_182,1,undirected,+
ASV_440,ASV_182,1,undirected,+
ASV_828,ASV_182,-1,undirected,-
ASV_616,ASV_182,-1,undirected,-
ASV_4,ASV_162,-1,undirected,-
ASV_666,ASV_162,-1,undirected,-
ASV_80,ASV_162,-1,undirected,-
ASV_336,ASV_3,-1,undirected,-
ASV_223,ASV_3,1,undirected,+
ASV_634,ASV_3,-1,undirected,-
ASV_383,ASV_3,-1,undirected,-
ASV_391,ASV_3,-1,undirected,-
ASV_170,ASV_3,-1,undirected,-
ASV_540,ASV_3,-1,undirected,-
ASV_341,ASV_3,-1,undirected,-
ASV_827,ASV_3,-1,undirected,-
ASV_185,ASV_84,1,undirected,+
ASV_573,ASV_84,-1,undirected,-
ASV_24,ASV_84,1,undirected,+
ASV_225,ASV_84,1,undirected,+
ASV_499,ASV_84,1,undirected,+
ASV_459,ASV_800,-1,undirected,-
ASV_243,ASV_800,-1,undirected,-
ASV_428,ASV_800,-1,undirected,-
ASV_1552,ASV_800,1,undirected,+
ASV_387,ASV_800,-1,undirected,-
ASV_289,ASV_800,-1,undirected,-
ASV_348,ASV_800,-1,undirected,-
ASV_202,ASV_507,-1,undirected,-
ASV_536,ASV_554,1,undirected,+
ASV_332,ASV_554,-1,undirected,-
ASV_370,ASV_554,-1,undirected,-
ASV_314,ASV_554,-1,undirected,-
ASV_171,ASV_554,1,undirected,+
ASV_364,ASV_554,-1,undirected,-
ASV_656,ASV_554,-1,undirected,-
ASV_480,ASV_554,1,undirected,+
ASV_1629,ASV_554,1,undirected,+
ASV_543,ASV_554,-1,undirected,-
ASV_1005,ASV_554,1,undirected,+
ASV_179,ASV_211,-1,undirected,-
ASV_268,ASV_211,1,undirected,+
ASV_490,ASV_211,1,undirected,+
ASV_249,ASV_211,-1,undirected,-
ASV_306,ASV_211,1,undirected,+
ASV_304,ASV_211,1,undirected,+
ASV_312,ASV_211,1,undirected,+
ASV_228,ASV_211,1,undirected,+
ASV_416,ASV_211,1,undirected,+
ASV_330,ASV_211,1,undirected,+
ASV_1553,ASV_211,-1,undirected,-
ASV_411,ASV_211,-1,undirected,-
ASV_483,ASV_211,1,undirected,+
ASV_933,ASV_211,-1,undirected,-
ASV_388,ASV_211,-1,undirected,-
ASV_519,ASV_211,1,undirected,+
ASV_143,ASV_233,-1,undirected,-
ASV_94,ASV_233,-1,undirected,-
ASV_890,ASV_233,1,undirected,+
ASV_527,ASV_233,1,undirected,+
ASV_1610,ASV_82,1,undirected,+
ASV_529,ASV_82,-1,undirected,-
ASV_315,ASV_82,-1,undirected,-
ASV_959,ASV_82,1,undirected,+
ASV_469,ASV_82,-1,undirected,-
ASV_393,ASV_82,1,undirected,+
ASV_1318,ASV_82,1,undirected,+
ASV_719,ASV_82,-1,undirected,-
ASV_651,ASV_82,-1,undirected,-
ASV_253,ASV_351,-1,undirected,-
ASV_349,ASV_351,1,undirected,+
ASV_73,ASV_351,1,undirected,+
ASV_204,ASV_1497,-1,undirected,-
ASV_235,ASV_1497,-1,undirected,-
ASV_242,ASV_1497,-1,undirected,-
ASV_867,ASV_1497,1,undirected,+
ASV_1111,ASV_1497,-1,undirected,-
ASV_309,ASV_1497,1,undirected,+
ASV_807,ASV_1497,-1,undirected,-
ASV_431,ASV_1497,-1,undirected,-
ASV_1486,ASV_1497,1,undirected,+
ASV_1165,ASV_1497,-1,undirected,-
ASV_447,ASV_236,-1,undirected,-
ASV_198,ASV_236,1,undirected,+
ASV_637,ASV_236,-1,undirected,-
ASV_8,ASV_236,-1,undirected,-
ASV_131,ASV_377,1,undirected,+
ASV_437,ASV_377,-1,undirected,-
ASV_590,ASV_377,-1,undirected,-
ASV_494,ASV_377,1,undirected,+
ASV_254,ASV_239,1,undirected,+
ASV_406,ASV_239,1,undirected,+
ASV_260,ASV_239,1,undirected,+
ASV_199,ASV_599,1,undirected,+
ASV_227,ASV_599,-1,undirected,-
ASV_251,ASV_599,-1,undirected,-
ASV_41,ASV_599,1,undirected,+
ASV_268,ASV_179,-1,undirected,-
ASV_490,ASV_179,-1,undirected,-
ASV_249,ASV_179,1,undirected,+
ASV_306,ASV_179,-1,undirected,-
ASV_304,ASV_179,-1,undirected,-
ASV_312,ASV_179,-1,undirected,-
ASV_228,ASV_179,-1,undirected,-
ASV_416,ASV_179,-1,undirected,-
ASV_330,ASV_179,-1,undirected,-
ASV_1553,ASV_179,1,undirected,+
ASV_411,ASV_179,1,undirected,+
ASV_483,ASV_179,-1,undirected,-
ASV_933,ASV_179,1,undirected,+
ASV_388,ASV_179,1,undirected,+
ASV_519,ASV_179,-1,undirected,-
ASV_227,ASV_199,-1,undirected,-
ASV_251,ASV_199,-1,undirected,-
ASV_41,ASV_199,1,undirected,+
ASV_437,ASV_131,-1,undirected,-
ASV_590,ASV_131,-1,undirected,-
ASV_494,ASV_131,1,undirected,+
ASV_148,ASV_32,1,undirected,+
ASV_766,ASV_32,1,undirected,+
ASV_414,ASV_32,1,undirected,+
ASV_675,ASV_32,1,undirected,+
ASV_290,ASV_32,-1,undirected,-
ASV_586,ASV_32,1,undirected,+
ASV_198,ASV_447,-1,undirected,-
ASV_637,ASV_447,1,undirected,+
ASV_8,ASV_447,1,undirected,+
ASV_176,ASV_403,1,undirected,+
ASV_305,ASV_403,1,undirected,+
ASV_531,ASV_403,1,undirected,+
ASV_266,ASV_403,1,undirected,+
ASV_308,ASV_403,1,undirected,+
ASV_631,ASV_403,-1,undirected,-
ASV_243,ASV_459,1,undirected,+
ASV_428,ASV_459,1,undirected,+
ASV_1552,ASV_459,-1,undirected,-
ASV_387,ASV_459,1,undirected,+
ASV_289,ASV_459,1,undirected,+
ASV_348,ASV_459,1,undirected,+
ASV_1054,ASV_1440,1,undirected,+
ASV_432,ASV_1440,1,undirected,+
ASV_119,ASV_1440,1,undirected,+
ASV_245,ASV_1440,-1,undirected,-
ASV_380,ASV_1440,1,undirected,+
ASV_594,ASV_1440,1,undirected,+
ASV_572,ASV_1440,1,undirected,+
ASV_305,ASV_176,1,undirected,+
ASV_531,ASV_176,1,undirected,+
ASV_266,ASV_176,1,undirected,+
ASV_308,ASV_176,1,undirected,+
ASV_631,ASV_176,-1,undirected,-
ASV_337,ASV_124,-1,undirected,-
ASV_144,ASV_124,1,undirected,+
ASV_1542,ASV_124,1,undirected,+
ASV_938,ASV_196,-1,undirected,-
ASV_152,ASV_196,-1,undirected,-
ASV_378,ASV_196,1,undirected,+
ASV_468,ASV_196,1,undirected,+
ASV_438,ASV_196,1,undirected,+
ASV_1272,ASV_196,-1,undirected,-
ASV_614,ASV_196,1,undirected,+
ASV_474,ASV_196,-1,undirected,-
ASV_259,ASV_1569,1,undirected,+
ASV_381,ASV_1569,-1,undirected,-
ASV_1491,ASV_1569,-1,undirected,-
ASV_397,ASV_1569,-1,undirected,-
ASV_697,ASV_1569,-1,undirected,-
ASV_303,ASV_1569,-1,undirected,-
ASV_17,ASV_1569,1,undirected,+
ASV_321,ASV_1569,1,undirected,+
ASV_1230,ASV_1569,1,undirected,+
ASV_950,ASV_1569,-1,undirected,-
ASV_576,ASV_240,-1,undirected,-
ASV_1618,ASV_240,-1,undirected,-
ASV_730,ASV_240,-1,undirected,-
ASV_529,ASV_1610,-1,undirected,-
ASV_315,ASV_1610,-1,undirected,-
ASV_959,ASV_1610,1,undirected,+
ASV_469,ASV_1610,-1,undirected,-
ASV_393,ASV_1610,1,undirected,+
ASV_1318,ASV_1610,1,undirected,+
ASV_719,ASV_1610,-1,undirected,-
ASV_651,ASV_1610,-1,undirected,-
ASV_223,ASV_336,-1,undirected,-
ASV_634,ASV_336,1,undirected,+
ASV_383,ASV_336,1,undirected,+
ASV_391,ASV_336,1,undirected,+
ASV_170,ASV_336,1,undirected,+
ASV_540,ASV_336,1,undirected,+
ASV_341,ASV_336,1,undirected,+
ASV_827,ASV_336,1,undirected,+
ASV_315,ASV_529,1,undirected,+
ASV_959,ASV_529,-1,undirected,-
ASV_469,ASV_529,1,undirected,+
ASV_393,ASV_529,-1,undirected,-
ASV_1318,ASV_529,-1,undirected,-
ASV_719,ASV_529,1,undirected,+
ASV_651,ASV_529,1,undirected,+
ASV_1027,ASV_1035,1,undirected,+
ASV_189,ASV_1035,-1,undirected,-
ASV_967,ASV_1035,1,undirected,+
ASV_1238,ASV_1035,1,undirected,+
ASV_514,ASV_1035,-1,undirected,-
ASV_372,ASV_1035,-1,undirected,-
ASV_486,ASV_1035,1,undirected,+
ASV_155,ASV_1035,1,undirected,+
ASV_71,ASV_298,1,undirected,+
ASV_47,ASV_298,1,undirected,+
ASV_192,ASV_298,1,undirected,+
ASV_184,ASV_298,1,undirected,+
ASV_420,ASV_298,1,undirected,+
ASV_34,ASV_298,1,undirected,+
ASV_375,ASV_298,-1,undirected,-
ASV_698,ASV_298,1,undirected,+
ASV_147,ASV_298,1,undirected,+
ASV_484,ASV_298,1,undirected,+
ASV_332,ASV_536,-1,undirected,-
ASV_370,ASV_536,-1,undirected,-
ASV_314,ASV_536,-1,undirected,-
ASV_171,ASV_536,1,undirected,+
ASV_364,ASV_536,-1,undirected,-
ASV_656,ASV_536,-1,undirected,-
ASV_480,ASV_536,1,undirected,+
ASV_1629,ASV_536,1,undirected,+
ASV_543,ASV_536,-1,undirected,-
ASV_1005,ASV_536,1,undirected,+
ASV_263,ASV_174,-1,undirected,-
ASV_609,ASV_174,-1,undirected,-
ASV_229,ASV_174,-1,undirected,-
ASV_649,ASV_174,-1,undirected,-
ASV_98,ASV_174,1,undirected,+
ASV_360,ASV_174,-1,undirected,-
ASV_407,ASV_174,1,undirected,+
ASV_419,ASV_174,1,undirected,+
ASV_482,ASV_174,1,undirected,+
ASV_834,ASV_174,1,undirected,+
ASV_485,ASV_1505,-1,undirected,-
ASV_241,ASV_1505,-1,undirected,-
ASV_167,ASV_1505,1,undirected,+
ASV_386,ASV_1505,-1,undirected,-
ASV_425,ASV_1505,-1,undirected,-
ASV_440,ASV_1505,-1,undirected,-
ASV_828,ASV_1505,1,undirected,+
ASV_616,ASV_1505,1,undirected,+
ASV_1141,ASV_145,-1,undirected,-
ASV_121,ASV_145,1,undirected,+
ASV_120,ASV_145,1,undirected,+
ASV_1314,ASV_145,-1,undirected,-
ASV_362,ASV_145,-1,undirected,-
ASV_1540,ASV_145,-1,undirected,-
ASV_541,ASV_145,1,undirected,+
ASV_152,ASV_938,1,undirected,+
ASV_378,ASV_938,-1,undirected,-
ASV_468,ASV_938,-1,undirected,-
ASV_438,ASV_938,-1,undirected,-
ASV_1272,ASV_938,1,undirected,+
ASV_614,ASV_938,-1,undirected,-
ASV_474,ASV_938,1,undirected,+
ASV_490,ASV_268,1,undirected,+
ASV_249,ASV_268,-1,undirected,-
ASV_306,ASV_268,1,undirected,+
ASV_304,ASV_268,1,undirected,+
ASV_312,ASV_268,1,undirected,+
ASV_228,ASV_268,1,undirected,+
ASV_416,ASV_268,1,undirected,+
ASV_330,ASV_268,1,undirected,+
ASV_1553,ASV_268,-1,undirected,-
ASV_411,ASV_268,-1,undirected,-
ASV_483,ASV_268,1,undirected,+
ASV_933,ASV_268,-1,undirected,-
ASV_388,ASV_268,-1,undirected,-
ASV_519,ASV_268,1,undirected,+
ASV_252,ASV_209,1,undirected,+
ASV_673,ASV_209,-1,undirected,-
ASV_275,ASV_209,1,undirected,+
ASV_226,ASV_209,-1,undirected,-
ASV_122,ASV_209,-1,undirected,-
ASV_60,ASV_209,1,undirected,+
ASV_352,ASV_209,-1,undirected,-
ASV_427,ASV_209,1,undirected,+
ASV_769,ASV_209,-1,undirected,-
ASV_885,ASV_209,1,undirected,+
ASV_121,ASV_1141,-1,undirected,-
ASV_120,ASV_1141,-1,undirected,-
ASV_1314,ASV_1141,1,undirected,+
ASV_362,ASV_1141,1,undirected,+
ASV_1540,ASV_1141,1,undirected,+
ASV_541,ASV_1141,-1,undirected,-
ASV_432,ASV_1054,1,undirected,+
ASV_119,ASV_1054,1,undirected,+
ASV_245,ASV_1054,-1,undirected,-
ASV_380,ASV_1054,1,undirected,+
ASV_594,ASV_1054,1,undirected,+
ASV_572,ASV_1054,1,undirected,+
ASV_251,ASV_227,1,undirected,+
ASV_41,ASV_227,-1,undirected,-
ASV_269,ASV_214,1,undirected,+
ASV_564,ASV_214,-1,undirected,-
ASV_31,ASV_214,1,undirected,+
ASV_94,ASV_143,1,undirected,+
ASV_890,ASV_143,-1,undirected,-
ASV_527,ASV_143,-1,undirected,-
ASV_249,ASV_490,-1,undirected,-
ASV_306,ASV_490,1,undirected,+
ASV_304,ASV_490,1,undirected,+
ASV_312,ASV_490,1,undirected,+
ASV_228,ASV_490,1,undirected,+
ASV_416,ASV_490,1,undirected,+
ASV_330,ASV_490,1,undirected,+
ASV_1553,ASV_490,-1,undirected,-
ASV_411,ASV_490,-1,undirected,-
ASV_483,ASV_490,1,undirected,+
ASV_933,ASV_490,-1,undirected,-
ASV_388,ASV_490,-1,undirected,-
ASV_519,ASV_490,1,undirected,+
ASV_189,ASV_1027,-1,undirected,-
ASV_967,ASV_1027,1,undirected,+
ASV_1238,ASV_1027,1,undirected,+
ASV_514,ASV_1027,-1,undirected,-
ASV_372,ASV_1027,-1,undirected,-
ASV_486,ASV_1027,1,undirected,+
ASV_155,ASV_1027,1,undirected,+
ASV_673,ASV_252,-1,undirected,-
ASV_275,ASV_252,1,undirected,+
ASV_226,ASV_252,-1,undirected,-
ASV_122,ASV_252,-1,undirected,-
ASV_60,ASV_252,1,undirected,+
ASV_352,ASV_252,-1,undirected,-
ASV_427,ASV_252,1,undirected,+
ASV_769,ASV_252,-1,undirected,-
ASV_885,ASV_252,1,undirected,+
ASV_406,ASV_254,1,undirected,+
ASV_260,ASV_254,1,undirected,+
ASV_306,ASV_249,-1,undirected,-
ASV_304,ASV_249,-1,undirected,-
ASV_312,ASV_249,-1,undirected,-
ASV_228,ASV_249,-1,undirected,-
ASV_416,ASV_249,-1,undirected,-
ASV_330,ASV_249,-1,undirected,-
ASV_1553,ASV_249,1,undirected,+
ASV_411,ASV_249,1,undirected,+
ASV_483,ASV_249,-1,undirected,-
ASV_933,ASV_249,1,undirected,+
ASV_388,ASV_249,1,undirected,+
ASV_519,ASV_249,-1,undirected,-
ASV_370,ASV_332,1,undirected,+
ASV_314,ASV_332,1,undirected,+
ASV_171,ASV_332,-1,undirected,-
ASV_364,ASV_332,1,undirected,+
ASV_656,ASV_332,1,undirected,+
ASV_480,ASV_332,-1,undirected,-
ASV_1629,ASV_332,-1,undirected,-
ASV_543,ASV_332,1,undirected,+
ASV_1005,ASV_332,-1,undirected,-
ASV_460,ASV_57,-1,undirected,-
ASV_154,ASV_57,-1,undirected,-
ASV_279,ASV_57,1,undirected,+
ASV_873,ASV_57,-1,undirected,-
ASV_1240,ASV_57,-1,undirected,-
ASV_1550,ASV_57,-1,undirected,-
ASV_117,ASV_57,-1,undirected,-
ASV_206,ASV_57,-1,undirected,-
ASV_257,ASV_57,-1,undirected,-
ASV_545,ASV_57,1,undirected,+
ASV_265,ASV_57,-1,undirected,-
ASV_1454,ASV_57,-1,undirected,-
ASV_203,ASV_57,-1,undirected,-
ASV_304,ASV_306,1,undirected,+
ASV_312,ASV_306,1,undirected,+
ASV_228,ASV_306,1,undirected,+
ASV_416,ASV_306,1,undirected,+
ASV_330,ASV_306,1,undirected,+
ASV_1553,ASV_306,-1,undirected,-
ASV_411,ASV_306,-1,undirected,-
ASV_483,ASV_306,1,undirected,+
ASV_933,ASV_306,-1,undirected,-
ASV_388,ASV_306,-1,undirected,-
ASV_519,ASV_306,1,undirected,+
ASV_944,ASV_1614,-1,undirected,-
ASV_96,ASV_1614,1,undirected,+
ASV_272,ASV_1614,1,undirected,+
ASV_669,ASV_1614,1,undirected,+
ASV_219,ASV_1614,1,undirected,+
ASV_323,ASV_234,-1,undirected,-
ASV_435,ASV_234,1,undirected,+
ASV_262,ASV_287,1,undirected,+
ASV_900,ASV_287,1,undirected,+
ASV_967,ASV_189,-1,undirected,-
ASV_1238,ASV_189,-1,undirected,-
ASV_514,ASV_189,1,undirected,+
ASV_372,ASV_189,1,undirected,+
ASV_486,ASV_189,-1,undirected,-
ASV_155,ASV_189,-1,undirected,-
ASV_428,ASV_243,1,undirected,+
ASV_1552,ASV_243,-1,undirected,-
ASV_387,ASV_243,1,undirected,+
ASV_289,ASV_243,1,undirected,+
ASV_348,ASV_243,1,undirected,+
ASV_271,ASV_1582,1,undirected,+
ASV_1022,ASV_1582,-1,undirected,-
ASV_1652,ASV_1582,1,undirected,+
ASV_299,ASV_1582,1,undirected,+
ASV_218,ASV_1582,-1,undirected,-
ASV_1567,ASV_1582,-1,undirected,-
ASV_461,ASV_1582,-1,undirected,-
ASV_770,ASV_1582,-1,undirected,-
ASV_359,ASV_1582,1,undirected,+
ASV_609,ASV_263,1,undirected,+
ASV_229,ASV_263,1,undirected,+
ASV_649,ASV_263,1,undirected,+
ASV_98,ASV_263,-1,undirected,-
ASV_360,ASV_263,1,undirected,+
ASV_407,ASV_263,-1,undirected,-
ASV_419,ASV_263,-1,undirected,-
ASV_482,ASV_263,-1,undirected,-
ASV_834,ASV_263,-1,undirected,-
ASV_479,ASV_1637,-1,undirected,-
ASV_286,ASV_1637,1,undirected,+
ASV_354,ASV_1637,1,undirected,+
ASV_317,ASV_1637,-1,undirected,-
ASV_565,ASV_1637,-1,undirected,-
ASV_392,ASV_277,-1,undirected,-
ASV_295,ASV_277,-1,undirected,-
ASV_766,ASV_148,1,undirected,+
ASV_414,ASV_148,1,undirected,+
ASV_675,ASV_148,1,undirected,+
ASV_290,ASV_148,-1,undirected,-
ASV_586,ASV_148,1,undirected,+
ASV_154,ASV_460,1,undirected,+
ASV_279,ASV_460,-1,undirected,-
ASV_873,ASV_460,1,undirected,+
ASV_1240,ASV_460,1,undirected,+
ASV_1550,ASV_460,1,undirected,+
ASV_117,ASV_460,1,undirected,+
ASV_206,ASV_460,1,undirected,+
ASV_257,ASV_460,1,undirected,+
ASV_545,ASV_460,-1,undirected,-
ASV_265,ASV_460,1,undirected,+
ASV_1454,ASV_460,1,undirected,+
ASV_203,ASV_460,1,undirected,+
ASV_47,ASV_71,1,undirected,+
ASV_192,ASV_71,1,undirected,+
ASV_184,ASV_71,1,undirected,+
ASV_420,ASV_71,1,undirected,+
ASV_34,ASV_71,1,undirected,+
ASV_375,ASV_71,-1,undirected,-
ASV_698,ASV_71,1,undirected,+
ASV_147,ASV_71,1,undirected,+
ASV_484,ASV_71,1,undirected,+
ASV_260,ASV_406,1,undirected,+
ASV_1552,ASV_428,-1,undirected,-
ASV_387,ASV_428,1,undirected,+
ASV_289,ASV_428,1,undirected,+
ASV_348,ASV_428,1,undirected,+
ASV_743,ASV_1246,1,undirected,+
ASV_539,ASV_1246,-1,undirected,-
ASV_959,ASV_315,-1,undirected,-
ASV_469,ASV_315,1,undirected,+
ASV_393,ASV_315,-1,undirected,-
ASV_1318,ASV_315,-1,undirected,-
ASV_719,ASV_315,1,undirected,+
ASV_651,ASV_315,1,undirected,+
ASV_1022,ASV_271,-1,undirected,-
ASV_1652,ASV_271,1,undirected,+
ASV_299,ASV_271,1,undirected,+
ASV_218,ASV_271,-1,undirected,-
ASV_1567,ASV_271,-1,undirected,-
ASV_461,ASV_271,-1,undirected,-
ASV_770,ASV_271,-1,undirected,-
ASV_359,ASV_271,1,undirected,+
ASV_275,ASV_673,-1,undirected,-
ASV_226,ASV_673,1,undirected,+
ASV_122,ASV_673,1,undirected,+
ASV_60,ASV_673,-1,undirected,-
ASV_352,ASV_673,1,undirected,+
ASV_427,ASV_673,-1,undirected,-
ASV_769,ASV_673,1,undirected,+
ASV_885,ASV_673,-1,undirected,-
ASV_226,ASV_275,-1,undirected,-
ASV_122,ASV_275,-1,undirected,-
ASV_60,ASV_275,1,undirected,+
ASV_352,ASV_275,-1,undirected,-
ASV_427,ASV_275,1,undirected,+
ASV_769,ASV_275,-1,undirected,-
ASV_885,ASV_275,1,undirected,+
ASV_314,ASV_370,1,undirected,+
ASV_171,ASV_370,-1,undirected,-
ASV_364,ASV_370,1,undirected,+
ASV_656,ASV_370,1,undirected,+
ASV_480,ASV_370,-1,undirected,-
ASV_1629,ASV_370,-1,undirected,-
ASV_543,ASV_370,1,undirected,+
ASV_1005,ASV_370,-1,undirected,-
ASV_192,ASV_47,1,undirected,+
ASV_184,ASV_47,1,undirected,+
ASV_420,ASV_47,1,undirected,+
ASV_34,ASV_47,1,undirected,+
ASV_375,ASV_47,-1,undirected,-
ASV_698,ASV_47,1,undirected,+
ASV_147,ASV_47,1,undirected,+
ASV_484,ASV_47,1,undirected,+
ASV_184,ASV_192,1,undirected,+
ASV_420,ASV_192,1,undirected,+
ASV_34,ASV_192,1,undirected,+
ASV_375,ASV_192,-1,undirected,-
ASV_698,ASV_192,1,undirected,+
ASV_147,ASV_192,1,undirected,+
ASV_484,ASV_192,1,undirected,+
ASV_634,ASV_223,-1,undirected,-
ASV_383,ASV_223,-1,undirected,-
ASV_391,ASV_223,-1,undirected,-
ASV_170,ASV_223,-1,undirected,-
ASV_540,ASV_223,-1,undirected,-
ASV_341,ASV_223,-1,undirected,-
ASV_827,ASV_223,-1,undirected,-
ASV_241,ASV_485,1,undirected,+
ASV_167,ASV_485,-1,undirected,-
ASV_386,ASV_485,1,undirected,+
ASV_425,ASV_485,1,undirected,+
ASV_440,ASV_485,1,undirected,+
ASV_828,ASV_485,-1,undirected,-
ASV_616,ASV_485,-1,undirected,-
ASV_235,ASV_204,1,undirected,+
ASV_242,ASV_204,1,undirected,+
ASV_867,ASV_204,-1,undirected,-
ASV_1111,ASV_204,1,undirected,+
ASV_309,ASV_204,-1,undirected,-
ASV_807,ASV_204,1,undirected,+
ASV_431,ASV_204,1,undirected,+
ASV_1486,ASV_204,-1,undirected,-
ASV_1165,ASV_204,1,undirected,+
ASV_119,ASV_432,1,undirected,+
ASV_245,ASV_432,-1,undirected,-
ASV_380,ASV_432,1,undirected,+
ASV_594,ASV_432,1,undirected,+
ASV_572,ASV_432,1,undirected,+
ASV_286,ASV_479,-1,undirected,-
ASV_354,ASV_479,-1,undirected,-
ASV_317,ASV_479,1,undirected,+
ASV_565,ASV_479,1,undirected,+
ASV_573,ASV_185,-1,undirected,-
ASV_24,ASV_185,1,undirected,+
ASV_225,ASV_185,1,undirected,+
ASV_499,ASV_185,1,undirected,+
ASV_285,ASV_274,1,undirected,+
ASV_109,ASV_274,-1,undirected,-
ASV_493,ASV_274,-1,undirected,-
ASV_122,ASV_226,1,undirected,+
ASV_60,ASV_226,-1,undirected,-
ASV_352,ASV_226,1,undirected,+
ASV_427,ASV_226,-1,undirected,-
ASV_769,ASV_226,1,undirected,+
ASV_885,ASV_226,-1,undirected,-
ASV_435,ASV_323,-1,undirected,-
ASV_312,ASV_304,1,undirected,+
ASV_228,ASV_304,1,undirected,+
ASV_416,ASV_304,1,undirected,+
ASV_330,ASV_304,1,undirected,+
ASV_1553,ASV_304,-1,undirected,-
ASV_411,ASV_304,-1,undirected,-
ASV_483,ASV_304,1,undirected,+
ASV_933,ASV_304,-1,undirected,-
ASV_388,ASV_304,-1,undirected,-
ASV_519,ASV_304,1,undirected,+
ASV_261,ASV_284,1,undirected,+
ASV_737,ASV_284,1,undirected,+
ASV_690,ASV_284,-1,undirected,-
ASV_706,ASV_284,-1,undirected,-
ASV_555,ASV_284,1,undirected,+
ASV_452,ASV_284,1,undirected,+
ASV_667,ASV_284,1,undirected,+
ASV_144,ASV_337,-1,undirected,-
ASV_1542,ASV_337,-1,undirected,-
ASV_229,ASV_609,1,undirected,+
ASV_649,ASV_609,1,undirected,+
ASV_98,ASV_609,-1,undirected,-
ASV_360,ASV_609,1,undirected,+
ASV_407,ASV_609,-1,undirected,-
ASV_419,ASV_609,-1,undirected,-
ASV_482,ASV_609,-1,undirected,-
ASV_834,ASV_609,-1,undirected,-
ASV_737,ASV_261,1,undirected,+
ASV_690,ASV_261,-1,undirected,-
ASV_706,ASV_261,-1,undirected,-
ASV_555,ASV_261,1,undirected,+
ASV_452,ASV_261,1,undirected,+
ASV_667,ASV_261,1,undirected,+
ASV_279,ASV_154,-1,undirected,-
ASV_873,ASV_154,1,undirected,+
ASV_1240,ASV_154,1,undirected,+
ASV_1550,ASV_154,1,undirected,+
ASV_117,ASV_154,1,undirected,+
ASV_206,ASV_154,1,undirected,+
ASV_257,ASV_154,1,undirected,+
ASV_545,ASV_154,-1,undirected,-
ASV_265,ASV_154,1,undirected,+
ASV_1454,ASV_154,1,undirected,+
ASV_203,ASV_154,1,undirected,+
ASV_228,ASV_312,1,undirected,+
ASV_416,ASV_312,1,undirected,+
ASV_330,ASV_312,1,undirected,+
ASV_1553,ASV_312,-1,undirected,-
ASV_411,ASV_312,-1,undirected,-
ASV_483,ASV_312,1,undirected,+
ASV_933,ASV_312,-1,undirected,-
ASV_388,ASV_312,-1,undirected,-
ASV_519,ASV_312,1,undirected,+
ASV_649,ASV_229,1,undirected,+
ASV_98,ASV_229,-1,undirected,-
ASV_360,ASV_229,1,undirected,+
ASV_407,ASV_229,-1,undirected,-
ASV_419,ASV_229,-1,undirected,-
ASV_482,ASV_229,-1,undirected,-
ASV_834,ASV_229,-1,undirected,-
ASV_245,ASV_119,-1,undirected,-
ASV_380,ASV_119,1,undirected,+
ASV_594,ASV_119,1,undirected,+
ASV_572,ASV_119,1,undirected,+
ASV_24,ASV_573,-1,undirected,-
ASV_225,ASV_573,-1,undirected,-
ASV_499,ASV_573,-1,undirected,-
ASV_120,ASV_121,1,undirected,+
ASV_1314,ASV_121,-1,undirected,-
ASV_362,ASV_121,-1,undirected,-
ASV_1540,ASV_121,-1,undirected,-
ASV_541,ASV_121,1,undirected,+
ASV_416,ASV_228,1,undirected,+
ASV_330,ASV_228,1,undirected,+
ASV_1553,ASV_228,-1,undirected,-
ASV_411,ASV_228,-1,undirected,-
ASV_483,ASV_228,1,undirected,+
ASV_933,ASV_228,-1,undirected,-
ASV_388,ASV_228,-1,undirected,-
ASV_519,ASV_228,1,undirected,+
ASV_1479,ASV_188,-1,undirected,-
ASV_250,ASV_188,-1,undirected,-
ASV_61,ASV_188,1,undirected,+
ASV_623,ASV_188,1,undirected,+
ASV_608,ASV_188,-1,undirected,-
ASV_890,ASV_94,-1,undirected,-
ASV_527,ASV_94,-1,undirected,-
ASV_213,ASV_1627,-1,undirected,-
ASV_512,ASV_1627,1,undirected,+
ASV_533,ASV_1627,-1,undirected,-
ASV_1314,ASV_120,-1,undirected,-
ASV_362,ASV_120,-1,undirected,-
ASV_1540,ASV_120,-1,undirected,-
ASV_541,ASV_120,1,undirected,+
ASV_1238,ASV_967,1,undirected,+
ASV_514,ASV_967,-1,undirected,-
ASV_372,ASV_967,-1,undirected,-
ASV_486,ASV_967,1,undirected,+
ASV_155,ASV_967,1,undirected,+
ASV_167,ASV_241,-1,undirected,-
ASV_386,ASV_241,1,undirected,+
ASV_425,ASV_241,1,undirected,+
ASV_440,ASV_241,1,undirected,+
ASV_828,ASV_241,-1,undirected,-
ASV_616,ASV_241,-1,undirected,-
ASV_378,ASV_152,-1,undirected,-
ASV_468,ASV_152,-1,undirected,-
ASV_438,ASV_152,-1,undirected,-
ASV_1272,ASV_152,1,undirected,+
ASV_614,ASV_152,-1,undirected,-
ASV_474,ASV_152,1,undirected,+
ASV_171,ASV_314,-1,undirected,-
ASV_364,ASV_314,1,undirected,+
ASV_656,ASV_314,1,undirected,+
ASV_480,ASV_314,-1,undirected,-
ASV_1629,ASV_314,-1,undirected,-
ASV_543,ASV_314,1,undirected,+
ASV_1005,ASV_314,-1,undirected,-
ASV_364,ASV_171,-1,undirected,-
ASV_656,ASV_171,-1,undirected,-
ASV_480,ASV_171,1,undirected,+
ASV_1629,ASV_171,1,undirected,+
ASV_543,ASV_171,-1,undirected,-
ASV_1005,ASV_171,1,undirected,+
ASV_468,ASV_378,1,undirected,+
ASV_438,ASV_378,1,undirected,+
ASV_1272,ASV_378,-1,undirected,-
ASV_614,ASV_378,1,undirected,+
ASV_474,ASV_378,-1,undirected,-
ASV_637,ASV_198,-1,undirected,-
ASV_8,ASV_198,-1,undirected,-
ASV_873,ASV_279,-1,undirected,-
ASV_1240,ASV_279,-1,undirected,-
ASV_1550,ASV_279,-1,undirected,-
ASV_117,ASV_279,-1,undirected,-
ASV_206,ASV_279,-1,undirected,-
ASV_257,ASV_279,-1,undirected,-
ASV_545,ASV_279,1,undirected,+
ASV_265,ASV_279,-1,undirected,-
ASV_1454,ASV_279,-1,undirected,-
ASV_203,ASV_279,-1,undirected,-
ASV_330,ASV_416,1,undirected,+
ASV_1553,ASV_416,-1,undirected,-
ASV_411,ASV_416,-1,undirected,-
ASV_483,ASV_416,1,undirected,+
ASV_933,ASV_416,-1,undirected,-
ASV_388,ASV_416,-1,undirected,-
ASV_519,ASV_416,1,undirected,+
ASV_656,ASV_364,1,undirected,+
ASV_480,ASV_364,-1,undirected,-
ASV_1629,ASV_364,-1,undirected,-
ASV_543,ASV_364,1,undirected,+
ASV_1005,ASV_364,-1,undirected,-
ASV_1652,ASV_1022,-1,undirected,-
ASV_299,ASV_1022,-1,undirected,-
ASV_218,ASV_1022,1,undirected,+
ASV_1567,ASV_1022,1,undirected,+
ASV_461,ASV_1022,1,undirected,+
ASV_770,ASV_1022,1,undirected,+
ASV_359,ASV_1022,-1,undirected,-
ASV_109,ASV_285,-1,undirected,-
ASV_493,ASV_285,-1,undirected,-
ASV_242,ASV_235,1,undirected,+
ASV_867,ASV_235,-1,undirected,-
ASV_1111,ASV_235,1,undirected,+
ASV_309,ASV_235,-1,undirected,-
ASV_807,ASV_235,1,undirected,+
ASV_431,ASV_235,1,undirected,+
ASV_1486,ASV_235,-1,undirected,-
ASV_1165,ASV_235,1,undirected,+
ASV_98,ASV_649,-1,undirected,-
ASV_360,ASV_649,1,undirected,+
ASV_407,ASV_649,-1,undirected,-
ASV_419,ASV_649,-1,undirected,-
ASV_482,ASV_649,-1,undirected,-
ASV_834,ASV_649,-1,undirected,-
ASV_386,ASV_167,-1,undirected,-
ASV_425,ASV_167,-1,undirected,-
ASV_440,ASV_167,-1,undirected,-
ASV_828,ASV_167,1,undirected,+
ASV_616,ASV_167,1,undirected,+
ASV_564,ASV_269,-1,undirected,-
ASV_31,ASV_269,1,undirected,+
ASV_383,ASV_634,1,undirected,+
ASV_391,ASV_634,1,undirected,+
ASV_170,ASV_634,1,undirected,+
ASV_540,ASV_634,1,undirected,+
ASV_341,ASV_634,1,undirected,+
ASV_827,ASV_634,1,undirected,+
ASV_1240,ASV_873,1,undirected,+
ASV_1550,ASV_873,1,undirected,+
ASV_117,ASV_873,1,undirected,+
ASV_206,ASV_873,1,undirected,+
ASV_257,ASV_873,1,undirected,+
ASV_545,ASV_873,-1,undirected,-
ASV_265,ASV_873,1,undirected,+
ASV_1454,ASV_873,1,undirected,+
ASV_203,ASV_873,1,undirected,+
ASV_191,ASV_270,1,undirected,+
ASV_626,ASV_270,-1,undirected,-
ASV_480,ASV_656,-1,undirected,-
ASV_1629,ASV_656,-1,undirected,-
ASV_543,ASV_656,1,undirected,+
ASV_1005,ASV_656,-1,undirected,-
ASV_391,ASV_383,1,undirected,+
ASV_170,ASV_383,1,undirected,+
ASV_540,ASV_383,1,undirected,+
ASV_341,ASV_383,1,undirected,+
ASV_827,ASV_383,1,undirected,+
ASV_1147,ASV_125,1,undirected,+
ASV_108,ASV_125,-1,undirected,-
ASV_190,ASV_125,-1,undirected,-
ASV_542,ASV_125,-1,undirected,-
ASV_225,ASV_24,1,undirected,+
ASV_499,ASV_24,1,undirected,+
ASV_1629,ASV_480,1,undirected,+
ASV_543,ASV_480,-1,undirected,-
ASV_1005,ASV_480,1,undirected,+
ASV_539,ASV_743,-1,undirected,-
ASV_362,ASV_1314,1,undirected,+
ASV_1540,ASV_1314,1,undirected,+
ASV_541,ASV_1314,-1,undirected,-
ASV_255,ASV_353,1,undirected,+
ASV_458,ASV_353,-1,undirected,-
ASV_429,ASV_353,1,undirected,+
ASV_557,ASV_353,-1,undirected,-
ASV_760,ASV_353,-1,undirected,-
ASV_774,ASV_353,1,undirected,+
ASV_731,ASV_353,-1,undirected,-
ASV_514,ASV_1238,-1,undirected,-
ASV_372,ASV_1238,-1,undirected,-
ASV_486,ASV_1238,1,undirected,+
ASV_155,ASV_1238,1,undirected,+
ASV_531,ASV_305,1,undirected,+
ASV_266,ASV_305,1,undirected,+
ASV_308,ASV_305,1,undirected,+
ASV_631,ASV_305,-1,undirected,-
ASV_354,ASV_286,1,undirected,+
ASV_317,ASV_286,-1,undirected,-
ASV_565,ASV_286,-1,undirected,-
ASV_381,ASV_259,-1,undirected,-
ASV_1491,ASV_259,-1,undirected,-
ASV_397,ASV_259,-1,undirected,-
ASV_697,ASV_259,-1,undirected,-
ASV_303,ASV_259,-1,undirected,-
ASV_17,ASV_259,1,undirected,+
ASV_321,ASV_259,1,undirected,+
ASV_1230,ASV_259,1,undirected,+
ASV_950,ASV_259,-1,undirected,-
ASV_425,ASV_386,1,undirected,+
ASV_440,ASV_386,1,undirected,+
ASV_828,ASV_386,-1,undirected,-
ASV_616,ASV_386,-1,undirected,-
ASV_900,ASV_262,1,undirected,+
ASV_299,ASV_1652,1,undirected,+
ASV_218,ASV_1652,-1,undirected,-
ASV_1567,ASV_1652,-1,undirected,-
ASV_461,ASV_1652,-1,undirected,-
ASV_770,ASV_1652,-1,undirected,-
ASV_359,ASV_1652,1,undirected,+
ASV_438,ASV_468,1,undirected,+
ASV_1272,ASV_468,-1,undirected,-
ASV_614,ASV_468,1,undirected,+
ASV_474,ASV_468,-1,undirected,-
ASV_380,ASV_245,-1,undirected,-
ASV_594,ASV_245,-1,undirected,-
ASV_572,ASV_245,-1,undirected,-
ASV_360,ASV_98,-1,undirected,-
ASV_407,ASV_98,1,undirected,+
ASV_419,ASV_98,1,undirected,+
ASV_482,ASV_98,1,undirected,+
ASV_834,ASV_98,1,undirected,+
ASV_317,ASV_354,-1,undirected,-
ASV_565,ASV_354,-1,undirected,-
ASV_407,ASV_360,-1,undirected,-
ASV_419,ASV_360,-1,undirected,-
ASV_482,ASV_360,-1,undirected,-
ASV_834,ASV_360,-1,undirected,-
ASV_387,ASV_1552,-1,undirected,-
ASV_289,ASV_1552,-1,undirected,-
ASV_348,ASV_1552,-1,undirected,-
ASV_108,ASV_1147,-1,undirected,-
ASV_190,ASV_1147,-1,undirected,-
ASV_542,ASV_1147,-1,undirected,-
ASV_867,ASV_242,-1,undirected,-
ASV_1111,ASV_242,1,undirected,+
ASV_309,ASV_242,-1,undirected,-
ASV_807,ASV_242,1,undirected,+
ASV_431,ASV_242,1,undirected,+
ASV_1486,ASV_242,-1,undirected,-
ASV_1165,ASV_242,1,undirected,+
ASV_1553,ASV_330,-1,undirected,-
ASV_411,ASV_330,-1,undirected,-
ASV_483,ASV_330,1,undirected,+
ASV_933,ASV_330,-1,undirected,-
ASV_388,ASV_330,-1,undirected,-
ASV_519,ASV_330,1,undirected,+
ASV_420,ASV_184,1,undirected,+
ASV_34,ASV_184,1,undirected,+
ASV_375,ASV_184,-1,undirected,-
ASV_698,ASV_184,1,undirected,+
ASV_147,ASV_184,1,undirected,+
ASV_484,ASV_184,1,undirected,+
ASV_440,ASV_425,1,undirected,+
ASV_828,ASV_425,-1,undirected,-
ASV_616,ASV_425,-1,undirected,-
ASV_565,ASV_317,1,undirected,+
ASV_506,ASV_487,-1,undirected,-
ASV_123,ASV_487,-1,undirected,-
ASV_537,ASV_56,-1,undirected,-
ASV_525,ASV_56,-1,undirected,-
ASV_492,ASV_56,-1,undirected,-
ASV_451,ASV_56,1,undirected,+
ASV_1272,ASV_438,-1,undirected,-
ASV_614,ASV_438,1,undirected,+
ASV_474,ASV_438,-1,undirected,-
ASV_1550,ASV_1240,1,undirected,+
ASV_117,ASV_1240,1,undirected,+
ASV_206,ASV_1240,1,undirected,+
ASV_257,ASV_1240,1,undirected,+
ASV_545,ASV_1240,-1,undirected,-
ASV_265,ASV_1240,1,undirected,+
ASV_1454,ASV_1240,1,undirected,+
ASV_203,ASV_1240,1,undirected,+
ASV_382,ASV_497,1,undirected,+
ASV_559,ASV_497,1,undirected,+
ASV_34,ASV_420,1,undirected,+
ASV_375,ASV_420,-1,undirected,-
ASV_698,ASV_420,1,undirected,+
ASV_147,ASV_420,1,undirected,+
ASV_484,ASV_420,1,undirected,+
ASV_499,ASV_225,1,undirected,+
ASV_590,ASV_437,1,undirected,+
ASV_494,ASV_437,-1,undirected,-
ASV_190,ASV_108,1,undirected,+
ASV_542,ASV_108,1,undirected,+
ASV_218,ASV_299,-1,undirected,-
ASV_1567,ASV_299,-1,undirected,-
ASV_461,ASV_299,-1,undirected,-
ASV_770,ASV_299,-1,undirected,-
ASV_359,ASV_299,1,undirected,+
ASV_1491,ASV_381,1,undirected,+
ASV_397,ASV_381,1,undirected,+
ASV_697,ASV_381,1,undirected,+
ASV_303,ASV_381,1,undirected,+
ASV_17,ASV_381,-1,undirected,-
ASV_321,ASV_381,-1,undirected,-
ASV_1230,ASV_381,-1,undirected,-
ASV_950,ASV_381,1,undirected,+
ASV_1111,ASV_867,-1,undirected,-
ASV_309,ASV_867,1,undirected,+
ASV_807,ASV_867,-1,undirected,-
ASV_431,ASV_867,-1,undirected,-
ASV_1486,ASV_867,1,undirected,+
ASV_1165,ASV_867,-1,undirected,-
ASV_419,ASV_407,1,undirected,+
ASV_482,ASV_407,1,undirected,+
ASV_834,ASV_407,1,undirected,+
ASV_123,ASV_506,1,undirected,+
ASV_469,ASV_959,-1,undirected,-
ASV_393,ASV_959,1,undirected,+
ASV_1318,ASV_959,1,undirected,+
ASV_719,ASV_959,-1,undirected,-
ASV_651,ASV_959,-1,undirected,-
ASV_411,ASV_1553,1,undirected,+
ASV_483,ASV_1553,-1,undirected,-
ASV_933,ASV_1553,1,undirected,+
ASV_388,ASV_1553,1,undirected,+
ASV_519,ASV_1553,-1,undirected,-
ASV_117,ASV_1550,1,undirected,+
ASV_206,ASV_1550,1,undirected,+
ASV_257,ASV_1550,1,undirected,+
ASV_545,ASV_1550,-1,undirected,-
ASV_265,ASV_1550,1,undirected,+
ASV_1454,ASV_1550,1,undirected,+
ASV_203,ASV_1550,1,undirected,+
ASV_379,ASV_753,1,undirected,+
ASV_180,ASV_430,1,undirected,+
ASV_408,ASV_430,1,undirected,+
ASV_666,ASV_4,1,undirected,+
ASV_80,ASV_4,1,undirected,+
ASV_828,ASV_440,-1,undirected,-
ASV_616,ASV_440,-1,undirected,-
ASV_170,ASV_391,1,undirected,+
ASV_540,ASV_391,1,undirected,+
ASV_341,ASV_391,1,undirected,+
ASV_827,ASV_391,1,undirected,+
ASV_96,ASV_944,-1,undirected,-
ASV_272,ASV_944,-1,undirected,-
ASV_669,ASV_944,-1,undirected,-
ASV_219,ASV_944,-1,undirected,-
ASV_349,ASV_253,-1,undirected,-
ASV_73,ASV_253,-1,undirected,-
ASV_569,ASV_273,-1,undirected,-
ASV_402,ASV_273,1,undirected,+
ASV_588,ASV_273,-1,undirected,-
ASV_73,ASV_349,1,undirected,+
ASV_690,ASV_737,-1,undirected,-
ASV_706,ASV_737,-1,undirected,-
ASV_555,ASV_737,1,undirected,+
ASV_452,ASV_737,1,undirected,+
ASV_667,ASV_737,1,undirected,+
ASV_272,ASV_96,1,undirected,+
ASV_669,ASV_96,1,undirected,+
ASV_219,ASV_96,1,undirected,+
ASV_393,ASV_469,-1,undirected,-
ASV_1318,ASV_469,-1,undirected,-
ASV_719,ASV_469,1,undirected,+
ASV_651,ASV_469,1,undirected,+
ASV_458,ASV_255,-1,undirected,-
ASV_429,ASV_255,1,undirected,+
ASV_557,ASV_255,-1,undirected,-
ASV_760,ASV_255,-1,undirected,-
ASV_774,ASV_255,1,undirected,+
ASV_731,ASV_255,-1,undirected,-
ASV_616,ASV_828,1,undirected,+
ASV_309,ASV_1111,-1,undirected,-
ASV_807,ASV_1111,1,undirected,+
ASV_431,ASV_1111,1,undirected,+
ASV_1486,ASV_1111,-1,undirected,-
ASV_1165,ASV_1111,1,undirected,+
ASV_107,ASV_142,1,undirected,+
ASV_238,ASV_142,1,undirected,+
ASV_727,ASV_142,1,undirected,+
ASV_230,ASV_142,-1,undirected,-
ASV_1337,ASV_142,1,undirected,+
ASV_423,ASV_142,1,undirected,+
ASV_1003,ASV_142,-1,undirected,-
ASV_60,ASV_122,-1,undirected,-
ASV_352,ASV_122,1,undirected,+
ASV_427,ASV_122,-1,undirected,-
ASV_769,ASV_122,1,undirected,+
ASV_885,ASV_122,-1,undirected,-
ASV_41,ASV_251,-1,undirected,-
ASV_540,ASV_170,1,undirected,+
ASV_341,ASV_170,1,undirected,+
ASV_827,ASV_170,1,undirected,+
ASV_397,ASV_1491,1,undirected,+
ASV_697,ASV_1491,1,undirected,+
ASV_303,ASV_1491,1,undirected,+
ASV_17,ASV_1491,-1,undirected,-
ASV_321,ASV_1491,-1,undirected,-
ASV_1230,ASV_1491,-1,undirected,-
ASV_950,ASV_1491,1,undirected,+
ASV_706,ASV_690,1,undirected,+
ASV_555,ASV_690,-1,undirected,-
ASV_452,ASV_690,-1,undirected,-
ASV_667,ASV_690,-1,undirected,-
ASV_414,ASV_766,1,undirected,+
ASV_675,ASV_766,1,undirected,+
ASV_290,ASV_766,-1,undirected,-
ASV_586,ASV_766,1,undirected,+
ASV_482,ASV_419,1,undirected,+
ASV_834,ASV_419,1,undirected,+
ASV_543,ASV_1629,-1,undirected,-
ASV_1005,ASV_1629,1,undirected,+
ASV_429,ASV_458,-1,undirected,-
ASV_557,ASV_458,1,undirected,+
ASV_760,ASV_458,1,undirected,+
ASV_774,ASV_458,-1,undirected,-
ASV_731,ASV_458,1,undirected,+
ASV_266,ASV_531,1,undirected,+
ASV_308,ASV_531,1,undirected,+
ASV_631,ASV_531,-1,undirected,-
ASV_594,ASV_380,1,undirected,+
ASV_572,ASV_380,1,undirected,+
ASV_436,ASV_1368,-1,undirected,-
ASV_495,ASV_1368,1,undirected,+
ASV_1041,ASV_1368,1,undirected,+
ASV_583,ASV_1368,-1,undirected,-
ASV_716,ASV_1368,-1,undirected,-
ASV_1540,ASV_362,1,undirected,+
ASV_541,ASV_362,-1,undirected,-
ASV_572,ASV_594,1,undirected,+
ASV_177,ASV_328,-1,undirected,-
ASV_542,ASV_190,1,undirected,+
ASV_697,ASV_397,1,undirected,+
ASV_303,ASV_397,1,undirected,+
ASV_17,ASV_397,-1,undirected,-
ASV_321,ASV_397,-1,undirected,-
ASV_1230,ASV_397,-1,undirected,-
ASV_950,ASV_397,1,undirected,+
ASV_206,ASV_117,1,undirected,+
ASV_257,ASV_117,1,undirected,+
ASV_545,ASV_117,-1,undirected,-
ASV_265,ASV_117,1,undirected,+
ASV_1454,ASV_117,1,undirected,+
ASV_203,ASV_117,1,undirected,+
ASV_493,ASV_109,1,undirected,+
ASV_555,ASV_706,-1,undirected,-
ASV_452,ASV_706,-1,undirected,-
ASV_667,ASV_706,-1,undirected,-
ASV_372,ASV_514,1,undirected,+
ASV_486,ASV_514,-1,undirected,-
ASV_155,ASV_514,-1,undirected,-
ASV_1618,ASV_576,1,undirected,+
ASV_730,ASV_576,1,undirected,+
ASV_352,ASV_60,-1,undirected,-
ASV_427,ASV_60,1,undirected,+
ASV_769,ASV_60,-1,undirected,-
ASV_885,ASV_60,1,undirected,+
ASV_341,ASV_540,1,undirected,+
ASV_827,ASV_540,1,undirected,+
ASV_295,ASV_392,1,undirected,+
ASV_827,ASV_341,1,undirected,+
ASV_238,ASV_107,1,undirected,+
ASV_727,ASV_107,1,undirected,+
ASV_230,ASV_107,-1,undirected,-
ASV_1337,ASV_107,1,undirected,+
ASV_423,ASV_107,1,undirected,+
ASV_1003,ASV_107,-1,undirected,-
ASV_408,ASV_180,1,undirected,+
ASV_1567,ASV_218,1,undirected,+
ASV_461,ASV_218,1,undirected,+
ASV_770,ASV_218,1,undirected,+
ASV_359,ASV_218,-1,undirected,-
ASV_402,ASV_569,-1,undirected,-
ASV_588,ASV_569,1,undirected,+
ASV_308,ASV_266,1,undirected,+
ASV_631,ASV_266,-1,undirected,-
ASV_303,ASV_697,1,undirected,+
ASV_17,ASV_697,-1,undirected,-
ASV_321,ASV_697,-1,undirected,-
ASV_1230,ASV_697,-1,undirected,-
ASV_950,ASV_697,1,undirected,+
ASV_427,ASV_352,-1,undirected,-
ASV_769,ASV_352,1,undirected,+
ASV_885,ASV_352,-1,undirected,-
ASV_1542,ASV_144,1,undirected,+
ASV_1318,ASV_393,1,undirected,+
ASV_719,ASV_393,-1,undirected,-
ASV_651,ASV_393,-1,undirected,-
ASV_635,ASV_258,1,undirected,+
ASV_17,ASV_303,-1,undirected,-
ASV_321,ASV_303,-1,undirected,-
ASV_1230,ASV_303,-1,undirected,-
ASV_950,ASV_303,1,undirected,+
ASV_719,ASV_1318,-1,undirected,-
ASV_651,ASV_1318,-1,undirected,-
ASV_461,ASV_1567,1,undirected,+
ASV_770,ASV_1567,1,undirected,+
ASV_359,ASV_1567,-1,undirected,-
ASV_525,ASV_537,1,undirected,+
ASV_492,ASV_537,1,undirected,+
ASV_451,ASV_537,-1,undirected,-
ASV_541,ASV_1540,-1,undirected,-
ASV_769,ASV_427,-1,undirected,-
ASV_885,ASV_427,1,undirected,+
ASV_375,ASV_34,-1,undirected,-
ASV_698,ASV_34,1,undirected,+
ASV_147,ASV_34,1,undirected,+
ASV_484,ASV_34,1,undirected,+
ASV_250,ASV_1479,1,undirected,+
ASV_61,ASV_1479,-1,undirected,-
ASV_623,ASV_1479,-1,undirected,-
ASV_608,ASV_1479,1,undirected,+
ASV_483,ASV_411,-1,undirected,-
ASV_933,ASV_411,1,undirected,+
ASV_388,ASV_411,1,undirected,+
ASV_519,ASV_411,-1,undirected,-
ASV_588,ASV_402,-1,undirected,-
ASV_546,ASV_1364,1,undirected,+
ASV_571,ASV_1364,1,undirected,+
ASV_486,ASV_372,-1,undirected,-
ASV_155,ASV_372,-1,undirected,-
ASV_770,ASV_461,1,undirected,+
ASV_359,ASV_461,-1,undirected,-
ASV_727,ASV_238,1,undirected,+
ASV_230,ASV_238,-1,undirected,-
ASV_1337,ASV_238,1,undirected,+
ASV_423,ASV_238,1,undirected,+
ASV_1003,ASV_238,-1,undirected,-
ASV_512,ASV_213,-1,undirected,-
ASV_533,ASV_213,1,undirected,+
ASV_669,ASV_272,1,undirected,+
ASV_219,ASV_272,1,undirected,+
ASV_807,ASV_309,-1,undirected,-
ASV_431,ASV_309,-1,undirected,-
ASV_1486,ASV_309,1,undirected,+
ASV_1165,ASV_309,-1,undirected,-
ASV_230,ASV_727,-1,undirected,-
ASV_1337,ASV_727,1,undirected,+
ASV_423,ASV_727,1,undirected,+
ASV_1003,ASV_727,-1,undirected,-
ASV_61,ASV_250,-1,undirected,-
ASV_623,ASV_250,-1,undirected,-
ASV_608,ASV_250,1,undirected,+
ASV_289,ASV_387,1,undirected,+
ASV_348,ASV_387,1,undirected,+
ASV_452,ASV_555,1,undirected,+
ASV_667,ASV_555,1,undirected,+
ASV_492,ASV_525,1,undirected,+
ASV_451,ASV_525,-1,undirected,-
ASV_933,ASV_483,-1,undirected,-
ASV_388,ASV_483,-1,undirected,-
ASV_519,ASV_483,1,undirected,+
ASV_885,ASV_769,-1,undirected,-
ASV_533,ASV_512,-1,undirected,-
ASV_614,ASV_1272,-1,undirected,-
ASV_474,ASV_1272,1,undirected,+
ASV_698,ASV_375,-1,undirected,-
ASV_147,ASV_375,-1,undirected,-
ASV_484,ASV_375,-1,undirected,-
ASV_1337,ASV_230,-1,undirected,-
ASV_423,ASV_230,-1,undirected,-
ASV_1003,ASV_230,1,undirected,+
ASV_559,ASV_382,1,undirected,+
ASV_257,ASV_206,1,undirected,+
ASV_545,ASV_206,-1,undirected,-
ASV_265,ASV_206,1,undirected,+
ASV_1454,ASV_206,1,undirected,+
ASV_203,ASV_206,1,undirected,+
ASV_667,ASV_452,1,undirected,+
ASV_545,ASV_257,-1,undirected,-
ASV_265,ASV_257,1,undirected,+
ASV_1454,ASV_257,1,undirected,+
ASV_203,ASV_257,1,undirected,+
ASV_834,ASV_482,1,undirected,+
ASV_730,ASV_1618,1,undirected,+
ASV_388,ASV_933,1,undirected,+
ASV_519,ASV_933,-1,undirected,-
ASV_675,ASV_414,1,undirected,+
ASV_290,ASV_414,-1,undirected,-
ASV_586,ASV_414,1,undirected,+
ASV_494,ASV_590,-1,undirected,-
ASV_80,ASV_666,1,undirected,+
ASV_290,ASV_675,-1,undirected,-
ASV_586,ASV_675,1,undirected,+
ASV_451,ASV_492,-1,undirected,-
ASV_431,ASV_807,1,undirected,+
ASV_1486,ASV_807,-1,undirected,-
ASV_1165,ASV_807,1,undirected,+
ASV_610,ASV_598,1,undirected,+
ASV_495,ASV_436,-1,undirected,-
ASV_1041,ASV_436,-1,undirected,-
ASV_583,ASV_436,1,undirected,+
ASV_716,ASV_436,1,undirected,+
ASV_626,ASV_191,-1,undirected,-
ASV_265,ASV_545,-1,undirected,-
ASV_1454,ASV_545,-1,undirected,-
ASV_203,ASV_545,-1,undirected,-
ASV_173,ASV_1071,1,undirected,+
ASV_409,ASV_1071,-1,undirected,-
ASV_557,ASV_429,-1,undirected,-
ASV_760,ASV_429,-1,undirected,-
ASV_774,ASV_429,1,undirected,+
ASV_731,ASV_429,-1,undirected,-
ASV_359,ASV_770,-1,undirected,-
ASV_31,ASV_564,-1,undirected,-
ASV_219,ASV_669,1,undirected,+
ASV_760,ASV_557,1,undirected,+
ASV_774,ASV_557,-1,undirected,-
ASV_731,ASV_557,1,undirected,+
ASV_423,ASV_1337,1,undirected,+
ASV_1003,ASV_1337,-1,undirected,-
ASV_8,ASV_637,1,undirected,+
ASV_571,ASV_546,1,undirected,+
ASV_527,ASV_890,1,undirected,+
ASV_348,ASV_289,1,undirected,+
ASV_1041,ASV_495,1,undirected,+
ASV_583,ASV_495,-1,undirected,-
ASV_716,ASV_495,-1,undirected,-
ASV_1454,ASV_265,1,undirected,+
ASV_203,ASV_265,1,undirected,+
ASV_147,ASV_698,1,undirected,+
ASV_484,ASV_698,1,undirected,+
ASV_774,ASV_760,-1,undirected,-
ASV_731,ASV_760,1,undirected,+
ASV_409,ASV_173,-1,undirected,-
ASV_583,ASV_1041,-1,undirected,-
ASV_716,ASV_1041,-1,undirected,-
ASV_519,ASV_388,-1,undirected,-
ASV_155,ASV_486,1,undirected,+
ASV_1486,ASV_431,-1,undirected,-
ASV_1165,ASV_431,1,undirected,+
ASV_1165,ASV_1486,-1,undirected,-
ASV_321,ASV_17,1,undirected,+
ASV_1230,ASV_17,1,undirected,+
ASV_950,ASV_17,-1,undirected,-
ASV_631,ASV_308,-1,undirected,-
ASV_474,ASV_614,-1,undirected,-
ASV_203,ASV_1454,1,undirected,+
ASV_484,ASV_147,1,undirected,+
ASV_651,ASV_719,1,undirected,+
ASV_731,ASV_774,-1,undirected,-
ASV_1003,ASV_423,-1,undirected,-
ASV_586,ASV_290,-1,undirected,-
ASV_623,ASV_61,1,undirected,+
ASV_608,ASV_61,-1,undirected,-
ASV_1230,ASV_321,1,undirected,+
ASV_950,ASV_321,-1,undirected,-
ASV_716,ASV_583,1,undirected,+
ASV_950,ASV_1230,-1,undirected,-
ASV_1005,ASV_543,-1,undirected,-
ASV_608,ASV_623,-1,undirected,-
