ID,Kingdom,Phylum,Class,Order,Family,Genus,Species,mean,Label
ASV_1,Bacteria,Verrucomicrobia,Verrucomicrobiae,Verrucomicrobiales,Akkermansiaceae,Akkermansia,Unassigned,3997.66666666667,ASV_1
ASV_10,Bacteria,Firmicutes,Clostridia,Clostridiales,Lachnospiraceae,Unassigned,Unassigned,1603.58333333333,ASV_10
ASV_101,Bacteria,Firmicutes,Clostridia,Clostridiales,Lachnospiraceae,Kineothrix,Unassigned,21.0833333333333,ASV_101
ASV_1011,Bacteria,Firmicutes,Clostridia,Clostridiales,Lachnospiraceae,Lacrimispora,Unassigned,17.3333333333333,ASV_1011
ASV_102,Bacteria,Bacteroidetes,Flavobacteriia,Flavobacteriales,Weeksellaceae,Unassigned,Unassigned,43.4166666666667,ASV_102
ASV_103,Bacteria,Actinobacteria,Actinobacteria,Bifidobacteriales,Bifidobacteriaceae,Bifidobacterium,Unassigned,12.9166666666667,ASV_103
ASV_104,Bacteria,Bacteroidetes,Bacteroidia,Bacteroidales,Barnesiellaceae,Barnesiella,Unassigned,68.75,ASV_104
ASV_107,Bacteria,Firmicutes,Clostridia,Clostridiales,Clostridiaceae_1,Clostridium_sensu_stricto,Unassigned,138.75,ASV_107
ASV_108,Bacteria,Firmicutes,Clostridia,Clostridiales,Lachnospiraceae,Eisenbergiella,Unassigned,113.166666666667,ASV_108
ASV_109,Bacteria,Bacteroidetes,Bacteroidia,Bacteroidales,Muribaculaceae,Muribaculum,Unassigned,76.3333333333333,ASV_109
ASV_11,Bacteria,Firmicutes,Clostridia,Clostridiales,Lachnospiraceae,Lacrimispora,Unassigned,1718.25,ASV_11
ASV_110,Bacteria,Firmicutes,Clostridia,Clostridiales,Lachnospiraceae,Faecalicatena,Unassigned,40.0833333333333,ASV_110
ASV_111,Bacteria,Firmicutes,Clostridia,Clostridiales,Ruminococcaceae,Flintibacter,Unassigned,64.5,ASV_111
ASV_112,Bacteria,Firmicutes,Clostridia,Clostridiales,Lachnospiraceae,Unassigned,Unassigned,24.9166666666667,ASV_112
ASV_1128,Bacteria,Firmicutes,Clostridia,Clostridiales,Lachnospiraceae,Enterocloster,Unassigned,51,ASV_1128
ASV_114,Bacteria,Firmicutes,Clostridia,Clostridiales,Unassigned,Unassigned,Unassigned,78.75,ASV_114
ASV_1142,Bacteria,Firmicutes,Clostridia,Clostridiales,Lachnospiraceae,Blautia,Unassigned,7.33333333333333,ASV_1142
ASV_117,Bacteria,Firmicutes,Clostridia,Clostridiales,Ruminococcaceae,Flavonifractor,Unassigned,103,ASV_117
ASV_1180,Bacteria,Firmicutes,Clostridia,Clostridiales,Lachnospiraceae,Kineothrix,Unassigned,7.66666666666667,ASV_1180
ASV_119,Bacteria,Firmicutes,Clostridia,Clostridiales,Lachnospiraceae,Eisenbergiella,Unassigned,402.75,ASV_119
ASV_12,Bacteria,Firmicutes,Clostridia,Clostridiales,Lachnospiraceae,Unassigned,Unassigned,720.583333333333,ASV_12
ASV_1200,Bacteria,Firmicutes,Clostridia,Clostridiales,Lachnospiraceae,Unassigned,Unassigned,77.0833333333333,ASV_1200
ASV_1211,Bacteria,Firmicutes,Clostridia,Clostridiales,Lachnospiraceae,Enterocloster,Unassigned,20.5,ASV_1211
ASV_1214,Bacteria,Firmicutes,Clostridia,Clostridiales,Lachnospiraceae,Anaerocolumna,Unassigned,236.5,ASV_1214
ASV_1215,Bacteria,Firmicutes,Clostridia,Clostridiales,Lachnospiraceae,Lacrimispora,Unassigned,7.25,ASV_1215
ASV_122,Bacteria,Firmicutes,Clostridia,Clostridiales,Lachnospiraceae,Anaerotaenia,Unassigned,57.4166666666667,ASV_122
ASV_123,Bacteria,Firmicutes,Clostridia,Clostridiales,Ruminococcaceae,Clostridium_IV,Unassigned,85.9166666666667,ASV_123
ASV_125,Bacteria,Bacteroidetes,Bacteroidia,Bacteroidales,Rikenellaceae,Alistipes,Unassigned,41.8333333333333,ASV_125
ASV_1254,Bacteria,Firmicutes,Clostridia,Clostridiales,Lachnospiraceae,Lacrimispora,Unassigned,16,ASV_1254
ASV_126,Bacteria,Firmicutes,Clostridia,Clostridiales,Lachnospiraceae,Anaerobutyricum,Unassigned,65.5,ASV_126
ASV_1277,Bacteria,Firmicutes,Clostridia,Clostridiales,Lachnospiraceae,Acetatifactor,Unassigned,172.166666666667,ASV_1277
ASV_128,Bacteria,Firmicutes,Clostridia,Clostridiales,Ruminococcaceae,Unassigned,Unassigned,34.0833333333333,ASV_128
ASV_129,Bacteria,Bacteroidetes,Bacteroidia,Bacteroidales,Muribaculaceae,Duncaniella,Unassigned,28.9166666666667,ASV_129
ASV_13,Bacteria,Firmicutes,Erysipelotrichia,Erysipelotrichales,Erysipelotrichaceae,Turicibacter,Unassigned,50,ASV_13
ASV_130,Bacteria,Bacteroidetes,Bacteroidia,Bacteroidales,Muribaculaceae,Unassigned,Unassigned,59.25,ASV_130
ASV_1309,Bacteria,Firmicutes,Clostridia,Clostridiales,Lachnospiraceae,Kineothrix,Unassigned,74.4166666666667,ASV_1309
ASV_131,Bacteria,Firmicutes,Clostridia,Clostridiales,Lachnospiraceae,Unassigned,Unassigned,24.9166666666667,ASV_131
ASV_132,Bacteria,Bacteroidetes,Bacteroidia,Bacteroidales,Muribaculaceae,Duncaniella,Unassigned,64.8333333333333,ASV_132
ASV_133,Bacteria,Firmicutes,Clostridia,Clostridiales,Lachnospiraceae,Sellimonas,Unassigned,87,ASV_133
ASV_1343,Bacteria,Firmicutes,Clostridia,Clostridiales,Lachnospiraceae,Lacrimispora,Unassigned,83.0833333333333,ASV_1343
ASV_135,Bacteria,Firmicutes,Clostridia,Clostridiales,Lachnospiraceae,Kineothrix,Unassigned,129.75,ASV_135
ASV_137,Bacteria,Firmicutes,Clostridia,Clostridiales,Lachnospiraceae,Unassigned,Unassigned,64,ASV_137
ASV_1390,Bacteria,Firmicutes,Clostridia,Clostridiales,Lachnospiraceae,Enterocloster,Unassigned,249.416666666667,ASV_1390
ASV_14,Bacteria,Firmicutes,Clostridia,Clostridiales,Lachnospiraceae,Clostridium_XlVa,Unassigned,242.75,ASV_14
ASV_1400,Bacteria,Firmicutes,Clostridia,Clostridiales,Lachnospiraceae,Clostridium_XlVa,Unassigned,21.1666666666667,ASV_1400
ASV_1405,Bacteria,Firmicutes,Clostridia,Clostridiales,Lachnospiraceae,Enterocloster,Unassigned,72.4166666666667,ASV_1405
ASV_1427,Bacteria,Firmicutes,Clostridia,Clostridiales,Lachnospiraceae,Unassigned,Unassigned,80.6666666666667,ASV_1427
ASV_143,Bacteria,Firmicutes,Clostridia,Clostridiales,Lachnospiraceae,Kineothrix,Unassigned,60.3333333333333,ASV_143
ASV_144,Bacteria,Actinobacteria,Actinobacteria,Unassigned,Unassigned,Unassigned,Unassigned,49.3333333333333,ASV_144
ASV_1445,Bacteria,Firmicutes,Clostridia,Clostridiales,Lachnospiraceae,Lacrimispora,Unassigned,44.4166666666667,ASV_1445
ASV_1446,Bacteria,Firmicutes,Clostridia,Clostridiales,Lachnospiraceae,Kineothrix,Unassigned,87.3333333333333,ASV_1446
ASV_1448,Bacteria,Firmicutes,Clostridia,Clostridiales,Lachnospiraceae,Unassigned,Unassigned,7,ASV_1448
ASV_145,Bacteria,Firmicutes,Clostridia,Clostridiales,Lachnospiraceae,Enterocloster,Unassigned,59.5,ASV_145
ASV_1454,Bacteria,Firmicutes,Clostridia,Clostridiales,Eubacteriaceae,Eubacterium,Unassigned,10.8333333333333,ASV_1454
ASV_1467,Bacteria,Firmicutes,Clostridia,Clostridiales,Lachnospiraceae,Lacrimispora,Unassigned,58.0833333333333,ASV_1467
ASV_1468,Bacteria,Firmicutes,Clostridia,Clostridiales,Lachnospiraceae,Enterocloster,Unassigned,6.75,ASV_1468
ASV_147,Bacteria,Firmicutes,Clostridia,Clostridiales,Lachnospiraceae,Eisenbergiella,Unassigned,30.1666666666667,ASV_147
ASV_1476,Bacteria,Firmicutes,Clostridia,Clostridiales,Lachnospiraceae,Kineothrix,Unassigned,11.3333333333333,ASV_1476
ASV_1477,Bacteria,Firmicutes,Clostridia,Clostridiales,Lachnospiraceae,Lacrimispora,Unassigned,29.3333333333333,ASV_1477
ASV_148,Bacteria,Firmicutes,Clostridia,Clostridiales,Lachnospiraceae,Cuneatibacter,Unassigned,65.75,ASV_148
ASV_15,Bacteria,Firmicutes,Clostridia,Clostridiales,Lachnospiraceae,Marvinbryantia,Unassigned,702.916666666667,ASV_15
ASV_150,Bacteria,Bacteroidetes,Bacteroidia,Bacteroidales,Muribaculaceae,Duncaniella,Unassigned,51.5,ASV_150
ASV_153,Bacteria,Bacteroidetes,Bacteroidia,Bacteroidales,Muribaculaceae,Muribaculum,Unassigned,34.0833333333333,ASV_153
ASV_158,Bacteria,Firmicutes,Clostridia,Clostridiales,Ruminococcaceae,Ruminococcus,Unassigned,45,ASV_158
ASV_160,Bacteria,Firmicutes,Bacilli,Lactobacillales,Streptococcaceae,Streptococcus,Unassigned,45.25,ASV_160
ASV_162,Bacteria,Firmicutes,Clostridia,Clostridiales,Lachnospiraceae,Lacrimispora,Unassigned,34.4166666666667,ASV_162
ASV_163,Bacteria,Firmicutes,Clostridia,Clostridiales,Eubacteriaceae,Eubacterium,Unassigned,7.58333333333333,ASV_163
ASV_166,Bacteria,Firmicutes,Clostridia,Clostridiales,Lachnospiraceae,Schaedlerella,Unassigned,8.5,ASV_166
ASV_169,Bacteria,Firmicutes,Clostridia,Clostridiales,Ruminococcaceae,Flintibacter,Unassigned,56.6666666666667,ASV_169
ASV_17,Bacteria,Firmicutes,Clostridia,Clostridiales,Lachnospiraceae,Kineothrix,Unassigned,840.916666666667,ASV_17
ASV_170,Bacteria,Proteobacteria,Gammaproteobacteria,Enterobacterales,Enterobacteriaceae,Pseudescherichia,Unassigned,45.3333333333333,ASV_170
ASV_172,Bacteria,Actinobacteria,Actinobacteria,Bifidobacteriales,Bifidobacteriaceae,Bifidobacterium,Unassigned,22.8333333333333,ASV_172
ASV_174,Bacteria,Firmicutes,Clostridia,Clostridiales,Ruminococcaceae,Flintibacter,Unassigned,68.4166666666667,ASV_174
ASV_175,Bacteria,Firmicutes,Clostridia,Clostridiales,Lachnospiraceae,Unassigned,Unassigned,34.4166666666667,ASV_175
ASV_178,Bacteria,Firmicutes,Clostridia,Clostridiales,Ruminococcaceae,Dysosmobacter,Unassigned,48.5,ASV_178
ASV_182,Bacteria,Bacteroidetes,Bacteroidia,Bacteroidales,Muribaculaceae,Duncaniella,Unassigned,35.8333333333333,ASV_182
ASV_183,Bacteria,Bacteroidetes,Bacteroidia,Bacteroidales,Muribaculaceae,Paramuribaculum,Unassigned,38.6666666666667,ASV_183
ASV_184,Bacteria,Firmicutes,Clostridia,Clostridiales,Lachnospiraceae,Unassigned,Unassigned,54.5,ASV_184
ASV_185,Bacteria,Firmicutes,Clostridia,Clostridiales,Ruminococcaceae,Clostridium_IV,Unassigned,60.1666666666667,ASV_185
ASV_187,Bacteria,Firmicutes,Clostridia,Clostridiales,Ruminococcaceae,Flintibacter,Unassigned,35.1666666666667,ASV_187
ASV_188,Bacteria,Firmicutes,Clostridia,Clostridiales,Lachnospiraceae,Unassigned,Unassigned,19.5833333333333,ASV_188
ASV_189,Bacteria,Firmicutes,Clostridia,Clostridiales,Ruminococcaceae,Lawsonibacter,Unassigned,56.3333333333333,ASV_189
ASV_19,Bacteria,Firmicutes,Clostridia,Clostridiales,Lachnospiraceae,Unassigned,Unassigned,219.5,ASV_19
ASV_190,Bacteria,Firmicutes,Clostridia,Clostridiales,Lachnospiraceae,Kineothrix,Unassigned,41,ASV_190
ASV_191,Bacteria,Firmicutes,Bacilli,Lactobacillales,Lactobacillaceae,Ligilactobacillus,Unassigned,31.9166666666667,ASV_191
ASV_192,Bacteria,Firmicutes,Clostridia,Clostridiales,Lachnospiraceae,Lachnospiracea_incertae_sedis,Unassigned,70.9166666666667,ASV_192
ASV_193,Bacteria,Firmicutes,Clostridia,Clostridiales,Ruminococcaceae,Flintibacter,Unassigned,41.25,ASV_193
ASV_194,Bacteria,Firmicutes,Clostridia,Clostridiales,Ruminococcaceae,Flintibacter,Unassigned,57.5833333333333,ASV_194
ASV_196,Bacteria,Firmicutes,Clostridia,Clostridiales,Lachnospiraceae,Clostridium_XlVa,Unassigned,49.3333333333333,ASV_196
ASV_197,Bacteria,Firmicutes,Clostridia,Clostridiales,Lachnospiraceae,Unassigned,Unassigned,82,ASV_197
ASV_20,Bacteria,Firmicutes,Clostridia,Clostridiales,Lachnospiraceae,Lacrimispora,Unassigned,706.333333333333,ASV_20
ASV_200,Bacteria,Firmicutes,Clostridia,Clostridiales,Peptococcaceae_1,Desulfitobacterium,Unassigned,35.6666666666667,ASV_200
ASV_201,Bacteria,Firmicutes,Clostridia,Clostridiales,Lachnospiraceae,Lacrimispora,Unassigned,17.5833333333333,ASV_201
ASV_202,Bacteria,Firmicutes,Clostridia,Clostridiales,Lachnospiraceae,Unassigned,Unassigned,69.5,ASV_202
ASV_203,Bacteria,Firmicutes,Clostridia,Clostridiales,Lachnospiraceae,Mediterraneibacter,Unassigned,46,ASV_203
ASV_204,Bacteria,Firmicutes,Clostridia,Clostridiales,Lachnospiraceae,Acetatifactor,Unassigned,41.0833333333333,ASV_204
ASV_205,Bacteria,Firmicutes,Clostridia,Clostridiales,Lachnospiraceae,Lachnospira,Unassigned,21.9166666666667,ASV_205
ASV_206,Bacteria,Firmicutes,Clostridia,Clostridiales,Lachnospiraceae,Eisenbergiella,Unassigned,57.8333333333333,ASV_206
ASV_207,Bacteria,Firmicutes,Clostridia,Clostridiales,Clostridiaceae_1,Clostridium_sensu_stricto,Unassigned,12.4166666666667,ASV_207
ASV_209,Bacteria,Firmicutes,Clostridia,Clostridiales,Lachnospiraceae,Kineothrix,Unassigned,58.1666666666667,ASV_209
ASV_21,Bacteria,Firmicutes,Clostridia,Clostridiales,Lachnospiraceae,Kineothrix,Unassigned,330.666666666667,ASV_21
ASV_210,Bacteria,Firmicutes,Bacilli,Lactobacillales,Enterococcaceae,Enterococcus,Unassigned,10.5,ASV_210
ASV_211,Bacteria,Firmicutes,Clostridia,Clostridiales,Ruminococcaceae,Lawsonibacter,Unassigned,48.5833333333333,ASV_211
ASV_212,Bacteria,Firmicutes,Clostridia,Clostridiales,Ruminococcaceae,Flintibacter,Unassigned,37.8333333333333,ASV_212
ASV_214,Bacteria,Firmicutes,Clostridia,Clostridiales,Lachnospiraceae,Blautia,Unassigned,68.75,ASV_214
ASV_215,Bacteria,Bacteroidetes,Bacteroidia,Bacteroidales,Muribaculaceae,Muribaculum,Unassigned,23.8333333333333,ASV_215
ASV_218,Bacteria,Firmicutes,Clostridia,Clostridiales,Lachnospiraceae,Unassigned,Unassigned,289.583333333333,ASV_218
ASV_219,Bacteria,Firmicutes,Clostridia,Clostridiales,Lachnospiraceae,Lacrimispora,Unassigned,12,ASV_219
ASV_22,Bacteria,Firmicutes,Clostridia,Clostridiales,Lachnospiraceae,Unassigned,Unassigned,735.333333333333,ASV_22
ASV_225,Bacteria,Firmicutes,Clostridia,Clostridiales,Lachnospiraceae,Eisenbergiella,Unassigned,57.25,ASV_225
ASV_226,Bacteria,Firmicutes,Clostridia,Clostridiales,Lachnospiraceae,Enterocloster,Unassigned,34.0833333333333,ASV_226
ASV_228,Bacteria,Firmicutes,Clostridia,Clostridiales,Lachnospiraceae,Acetatifactor,Unassigned,27.75,ASV_228
ASV_229,Bacteria,Firmicutes,Clostridia,Clostridiales,Lachnospiraceae,Kineothrix,Unassigned,16.6666666666667,ASV_229
ASV_23,Bacteria,Firmicutes,Clostridia,Clostridiales,Lachnospiraceae,Kineothrix,Unassigned,345.583333333333,ASV_23
ASV_230,Bacteria,Firmicutes,Clostridia,Clostridiales,Lachnospiraceae,Acetatifactor,Unassigned,36.3333333333333,ASV_230
ASV_231,Bacteria,Firmicutes,Clostridia,Clostridiales,Lachnospiraceae,Acetatifactor,Unassigned,24.9166666666667,ASV_231
ASV_232,Bacteria,Bacteroidetes,Bacteroidia,Bacteroidales,Muribaculaceae,Duncaniella,Unassigned,25.9166666666667,ASV_232
ASV_233,Bacteria,Firmicutes,Clostridia,Clostridiales,Ruminococcaceae,Oscillibacter,Unassigned,41,ASV_233
ASV_234,Bacteria,Bacteroidetes,Bacteroidia,Bacteroidales,Muribaculaceae,Paramuribaculum,Unassigned,33.0833333333333,ASV_234
ASV_236,Bacteria,Firmicutes,Clostridia,Clostridiales,Lachnospiraceae,Faecalicatena,Unassigned,36.25,ASV_236
ASV_237,Bacteria,Firmicutes,Clostridia,Clostridiales,Lachnospiraceae,Unassigned,Unassigned,50.25,ASV_237
ASV_238,Bacteria,Bacteroidetes,Bacteroidia,Bacteroidales,Muribaculaceae,Paramuribaculum,Unassigned,33.75,ASV_238
ASV_239,Bacteria,Bacteroidetes,Bacteroidia,Bacteroidales,Muribaculaceae,Duncaniella,Unassigned,23,ASV_239
ASV_24,Bacteria,Bacteroidetes,Bacteroidia,Bacteroidales,Muribaculaceae,Duncaniella,Unassigned,259.666666666667,ASV_24
ASV_241,Bacteria,Firmicutes,Clostridia,Clostridiales,Lachnospiraceae,Stomatobaculum,Unassigned,74.0833333333333,ASV_241
ASV_243,Bacteria,Bacteroidetes,Bacteroidia,Bacteroidales,Bacteroidaceae,Bacteroides,Unassigned,36.0833333333333,ASV_243
ASV_249,Bacteria,Bacteroidetes,Bacteroidia,Bacteroidales,Rikenellaceae,Alistipes,Unassigned,10.6666666666667,ASV_249
ASV_25,Bacteria,Firmicutes,Clostridia,Clostridiales,Lachnospiraceae,Lacrimispora,Unassigned,120.583333333333,ASV_25
ASV_252,Bacteria,Bacteroidetes,Bacteroidia,Bacteroidales,Muribaculaceae,Paramuribaculum,Unassigned,16.1666666666667,ASV_252
ASV_254,Bacteria,Firmicutes,Clostridia,Clostridiales,Lachnospiraceae,Clostridium_XlVa,Unassigned,28.5833333333333,ASV_254
ASV_255,Bacteria,Firmicutes,Clostridia,Clostridiales,Lachnospiraceae,Eisenbergiella,Unassigned,20.5833333333333,ASV_255
ASV_256,Bacteria,Firmicutes,Clostridia,Clostridiales,Lachnospiraceae,Kineothrix,Unassigned,13.5,ASV_256
ASV_26,Bacteria,Firmicutes,Clostridia,Clostridiales,Lachnospiraceae,Faecalicatena,Unassigned,162.166666666667,ASV_26
ASV_263,Bacteria,Firmicutes,Clostridia,Clostridiales,Lachnospiraceae,Kineothrix,Unassigned,34.5,ASV_263
ASV_264,Bacteria,Firmicutes,Clostridia,Clostridiales,Lachnospiraceae,Unassigned,Unassigned,13.25,ASV_264
ASV_265,Bacteria,Bacteroidetes,Bacteroidia,Bacteroidales,Muribaculaceae,Muribaculum,Unassigned,27.6666666666667,ASV_265
ASV_266,Bacteria,Firmicutes,Clostridia,Clostridiales,Lachnospiraceae,Lacrimispora,Unassigned,13.8333333333333,ASV_266
ASV_27,Bacteria,Firmicutes,Clostridia,Clostridiales,Lachnospiraceae,Enterocloster,Unassigned,32.0833333333333,ASV_27
ASV_270,Bacteria,Firmicutes,Clostridia,Clostridiales,Ruminococcaceae,Harryflintia,Unassigned,18.9166666666667,ASV_270
ASV_271,Bacteria,Firmicutes,Clostridia,Clostridiales,Lachnospiraceae,Lachnotalea,Unassigned,22.3333333333333,ASV_271
ASV_272,Bacteria,Bacteroidetes,Bacteroidia,Bacteroidales,Muribaculaceae,Paramuribaculum,Unassigned,22.9166666666667,ASV_272
ASV_273,Bacteria,Firmicutes,Clostridia,Clostridiales,Lachnospiraceae,Mediterraneibacter,Unassigned,53.6666666666667,ASV_273
ASV_274,Bacteria,Firmicutes,Bacilli,Lactobacillales,Enterococcaceae,Enterococcus,Unassigned,54.9166666666667,ASV_274
ASV_275,Bacteria,Firmicutes,Clostridia,Clostridiales,Lachnospiraceae,Clostridium_XlVa,Unassigned,26.9166666666667,ASV_275
ASV_277,Bacteria,Bacteroidetes,Bacteroidia,Bacteroidales,Muribaculaceae,Duncaniella,Unassigned,20.25,ASV_277
ASV_278,Bacteria,Firmicutes,Clostridia,Clostridiales,Lachnospiraceae,Stomatobaculum,Unassigned,27.25,ASV_278
ASV_28,Bacteria,Firmicutes,Clostridia,Clostridiales,Lachnospiraceae,Kineothrix,Unassigned,600.5,ASV_28
ASV_280,Bacteria,Firmicutes,Clostridia,Clostridiales,Ruminococcaceae,Flintibacter,Unassigned,10.25,ASV_280
ASV_281,Bacteria,Firmicutes,Clostridia,Clostridiales,Ruminococcaceae,Oscillibacter,Unassigned,18.0833333333333,ASV_281
ASV_283,Bacteria,Firmicutes,Clostridia,Clostridiales,Lachnospiraceae,Unassigned,Unassigned,29.75,ASV_283
ASV_284,Bacteria,Firmicutes,Clostridia,Clostridiales,Lachnospiraceae,Faecalimonas,Unassigned,37.75,ASV_284
ASV_287,Bacteria,Firmicutes,Clostridia,Clostridiales,Lachnospiraceae,Kineothrix,Unassigned,25.6666666666667,ASV_287
ASV_29,Bacteria,Firmicutes,Clostridia,Clostridiales,Lachnospiraceae,Enterocloster,Unassigned,631.25,ASV_29
ASV_294,Bacteria,Firmicutes,Clostridia,Clostridiales,Ruminococcaceae,Acetivibrio,Unassigned,13.75,ASV_294
ASV_295,Bacteria,Bacteroidetes,Bacteroidia,Bacteroidales,Muribaculaceae,Paramuribaculum,Unassigned,24.1666666666667,ASV_295
ASV_297,Bacteria,Firmicutes,Clostridia,Clostridiales,Lachnospiraceae,Acetatifactor,Unassigned,26.5,ASV_297
ASV_299,Bacteria,Firmicutes,Clostridia,Clostridiales,Ruminococcaceae,Flintibacter,Unassigned,14.75,ASV_299
ASV_3,Bacteria,Firmicutes,Erysipelotrichia,Erysipelotrichales,Erysipelotrichaceae,Faecalibaculum,Unassigned,1369.91666666667,ASV_3
ASV_300,Bacteria,Firmicutes,Clostridia,Clostridiales,Lachnospiraceae,Enterocloster,Unassigned,50.9166666666667,ASV_300
ASV_301,Bacteria,Firmicutes,Clostridia,Clostridiales,Ruminococcaceae,Flintibacter,Unassigned,26.9166666666667,ASV_301
ASV_302,Bacteria,Bacteroidetes,Bacteroidia,Bacteroidales,Muribaculaceae,Paramuribaculum,Unassigned,16.9166666666667,ASV_302
ASV_303,Bacteria,Proteobacteria,Deltaproteobacteria,Desulfovibrionales,Desulfomicrobiaceae,Desulfomicrobium,Unassigned,16.5,ASV_303
ASV_305,Bacteria,Bacteroidetes,Bacteroidia,Bacteroidales,Bacteroidaceae,Bacteroides,Unassigned,15.3333333333333,ASV_305
ASV_306,Bacteria,Firmicutes,Clostridia,Clostridiales,Lachnospiraceae,Kineothrix,Unassigned,28.6666666666667,ASV_306
ASV_307,Bacteria,Firmicutes,Clostridia,Clostridiales,Lachnospiraceae,Unassigned,Unassigned,47.5,ASV_307
ASV_31,Bacteria,Firmicutes,Clostridia,Clostridiales,Lachnospiraceae,Enterocloster,Unassigned,437.333333333333,ASV_31
ASV_313,Bacteria,Firmicutes,Clostridia,Clostridiales,Lachnospiraceae,Unassigned,Unassigned,16.5,ASV_313
ASV_314,Bacteria,Firmicutes,Clostridia,Clostridiales,Lachnospiraceae,Unassigned,Unassigned,18.25,ASV_314
ASV_316,Bacteria,Firmicutes,Clostridia,Clostridiales,Lachnospiraceae,Acetatifactor,Unassigned,40.9166666666667,ASV_316
ASV_317,Bacteria,Bacteroidetes,Bacteroidia,Bacteroidales,Muribaculaceae,Duncaniella,Unassigned,21.5833333333333,ASV_317
ASV_318,Bacteria,Firmicutes,Bacilli,Lactobacillales,Lactobacillaceae,Limosilactobacillus,Unassigned,27.9166666666667,ASV_318
ASV_32,Bacteria,Firmicutes,Clostridia,Clostridiales,Ruminococcaceae,Flintibacter,Unassigned,274.75,ASV_32
ASV_322,Bacteria,Bacteroidetes,Bacteroidia,Bacteroidales,Muribaculaceae,Paramuribaculum,Unassigned,9.08333333333333,ASV_322
ASV_323,Bacteria,Firmicutes,Clostridia,Clostridiales,Lachnospiraceae,Lacrimispora,Unassigned,57.1666666666667,ASV_323
ASV_325,Bacteria,Firmicutes,Clostridia,Clostridiales,Lachnospiraceae,Enterocloster,Unassigned,6.25,ASV_325
ASV_326,Bacteria,Firmicutes,Clostridia,Clostridiales,Lachnospiraceae,Unassigned,Unassigned,18.5833333333333,ASV_326
ASV_327,Bacteria,Firmicutes,Clostridia,Clostridiales,Ruminococcaceae,Flavonifractor,Unassigned,25.6666666666667,ASV_327
ASV_328,Bacteria,Firmicutes,Clostridia,Clostridiales,Ruminococcaceae,Lawsonibacter,Unassigned,44,ASV_328
ASV_329,Bacteria,Firmicutes,Clostridia,Clostridiales,Ruminococcaceae,Harryflintia,Unassigned,17.4166666666667,ASV_329
ASV_33,Bacteria,Firmicutes,Clostridia,Clostridiales,Peptostreptococcaceae,Romboutsia,Unassigned,145.833333333333,ASV_33
ASV_330,Bacteria,Firmicutes,Clostridia,Clostridiales,Lachnospiraceae,Marvinbryantia,Unassigned,16.8333333333333,ASV_330
ASV_331,Bacteria,Firmicutes,Clostridia,Clostridiales,Ruminococcaceae,Oscillibacter,Unassigned,25.1666666666667,ASV_331
ASV_332,Bacteria,Firmicutes,Clostridia,Clostridiales,Lachnospiraceae,Unassigned,Unassigned,5.75,ASV_332
ASV_333,Bacteria,Firmicutes,Clostridia,Clostridiales,Unassigned,Unassigned,Unassigned,10.9166666666667,ASV_333
ASV_336,Bacteria,Firmicutes,Clostridia,Clostridiales,Lachnospiraceae,Unassigned,Unassigned,14.5,ASV_336
ASV_337,Bacteria,Firmicutes,Clostridia,Clostridiales,Lachnospiraceae,Unassigned,Unassigned,19.8333333333333,ASV_337
ASV_338,Bacteria,Firmicutes,Clostridia,Clostridiales,Lachnospiraceae,Kineothrix,Unassigned,28.3333333333333,ASV_338
ASV_340,Bacteria,Firmicutes,Clostridia,Clostridiales,Lachnospiraceae,Acetatifactor,Unassigned,19.5,ASV_340
ASV_345,Bacteria,Firmicutes,Clostridia,Clostridiales,Lachnospiraceae,Unassigned,Unassigned,23.5833333333333,ASV_345
ASV_346,Bacteria,Firmicutes,Clostridia,Clostridiales,Ruminococcaceae,Flintibacter,Unassigned,16.5833333333333,ASV_346
ASV_347,Bacteria,Firmicutes,Clostridia,Clostridiales,Lachnospiraceae,Acetatifactor,Unassigned,21.9166666666667,ASV_347
ASV_348,Bacteria,Firmicutes,Clostridia,Clostridiales,Lachnospiraceae,Unassigned,Unassigned,9.5,ASV_348
ASV_35,Bacteria,Bacteroidetes,Bacteroidia,Bacteroidales,Prevotellaceae,Prevotella,Unassigned,191.083333333333,ASV_35
ASV_351,Bacteria,Firmicutes,Clostridia,Clostridiales,Ruminococcaceae,Oscillibacter,Unassigned,35.25,ASV_351
ASV_352,Bacteria,Firmicutes,Clostridia,Clostridiales,Ruminococcaceae,Lawsonibacter,Unassigned,27.5,ASV_352
ASV_354,Bacteria,Firmicutes,Clostridia,Clostridiales,Lachnospiraceae,Unassigned,Unassigned,7.08333333333333,ASV_354
ASV_356,Bacteria,Firmicutes,Clostridia,Clostridiales,Clostridiales_Incertae_Sedis_XIII,Ihubacter,Unassigned,9.83333333333333,ASV_356
ASV_360,Bacteria,Firmicutes,Clostridia,Clostridiales,Lachnospiraceae,Anaerosporobacter,Unassigned,15.5,ASV_360
ASV_361,Bacteria,Bacteroidetes,Bacteroidia,Bacteroidales,Muribaculaceae,Duncaniella,Unassigned,14,ASV_361
ASV_362,Bacteria,Firmicutes,Clostridia,Clostridiales,Ruminococcaceae,Flintibacter,Unassigned,15.9166666666667,ASV_362
ASV_363,Bacteria,Bacteroidetes,Bacteroidia,Bacteroidales,Muribaculaceae,Paramuribaculum,Unassigned,9.75,ASV_363
ASV_365,Bacteria,Firmicutes,Clostridia,Clostridiales,Lachnospiraceae,Acetatifactor,Unassigned,23,ASV_365
ASV_366,Bacteria,Firmicutes,Clostridia,Clostridiales,Ruminococcaceae,Faecalibacterium,Unassigned,15.5,ASV_366
ASV_367,Bacteria,Bacteroidetes,Bacteroidia,Bacteroidales,Muribaculaceae,Duncaniella,Unassigned,15.0833333333333,ASV_367
ASV_37,Bacteria,Proteobacteria,Deltaproteobacteria,Desulfovibrionales,Desulfovibrionaceae,Desulfovibrio,Unassigned,11.1666666666667,ASV_37
ASV_370,Bacteria,Firmicutes,Clostridia,Clostridiales,Lachnospiraceae,Unassigned,Unassigned,5.58333333333333,ASV_370
ASV_371,Bacteria,Firmicutes,Clostridia,Clostridiales,Lachnospiraceae,Anaerotignum,Unassigned,16.5833333333333,ASV_371
ASV_373,Bacteria,Firmicutes,Clostridia,Clostridiales,Lachnospiraceae,Lacrimispora,Unassigned,19.6666666666667,ASV_373
ASV_375,Bacteria,Bacteroidetes,Bacteroidia,Bacteroidales,Muribaculaceae,Muribaculum,Unassigned,10.0833333333333,ASV_375
ASV_376,Bacteria,Firmicutes,Clostridia,Clostridiales,Lachnospiraceae,Stomatobaculum,Unassigned,14.1666666666667,ASV_376
ASV_38,Bacteria,Bacteroidetes,Bacteroidia,Bacteroidales,Bacteroidaceae,Bacteroides,Unassigned,259.833333333333,ASV_38
ASV_381,Bacteria,Firmicutes,Clostridia,Clostridiales,Lachnospiraceae,Acetatifactor,Unassigned,15.3333333333333,ASV_381
ASV_382,Bacteria,Proteobacteria,Alphaproteobacteria,Rhodospirillales,Reyranellaceae,Reyranella,Unassigned,11.75,ASV_382
ASV_383,Bacteria,Firmicutes,Clostridia,Clostridiales,Lachnospiraceae,Agathobacter,Unassigned,19.3333333333333,ASV_383
ASV_384,Bacteria,Firmicutes,Bacilli,Lactobacillales,Streptococcaceae,Streptococcus,Unassigned,11.8333333333333,ASV_384
ASV_385,Bacteria,Firmicutes,Clostridia,Clostridiales,Ruminococcaceae,Oscillibacter,Unassigned,17,ASV_385
ASV_387,Bacteria,Firmicutes,Clostridia,Clostridiales,Eubacteriaceae,Eubacterium,Unassigned,31.0833333333333,ASV_387
ASV_388,Bacteria,Firmicutes,Clostridia,Clostridiales,Ruminococcaceae,Flintibacter,Unassigned,12.9166666666667,ASV_388
ASV_389,Bacteria,Firmicutes,Clostridia,Clostridiales,Lachnospiraceae,Unassigned,Unassigned,26.3333333333333,ASV_389
ASV_39,Bacteria,Firmicutes,Clostridia,Clostridiales,Lachnospiraceae,Unassigned,Unassigned,14.4166666666667,ASV_39
ASV_390,Bacteria,Firmicutes,Clostridia,Clostridiales,Ruminococcaceae,Lawsonibacter,Unassigned,39.4166666666667,ASV_390
ASV_391,Bacteria,Firmicutes,Clostridia,Clostridiales,Lachnospiraceae,Anaerotignum,Unassigned,8.5,ASV_391
ASV_392,Bacteria,Firmicutes,Clostridia,Clostridiales,Lachnospiraceae,Syntrophococcus,Unassigned,8.16666666666667,ASV_392
ASV_394,Bacteria,Bacteroidetes,Bacteroidia,Bacteroidales,Muribaculaceae,Duncaniella,Unassigned,7.83333333333333,ASV_394
ASV_395,Bacteria,Firmicutes,Clostridia,Clostridiales,Ruminococcaceae,Acutalibacter,Unassigned,7,ASV_395
ASV_396,Bacteria,Firmicutes,Clostridia,Clostridiales,Lachnospiraceae,Kineothrix,Unassigned,8.16666666666667,ASV_396
ASV_398,Bacteria,Proteobacteria,Alphaproteobacteria,Rhodospirillales,Acetobacteraceae,Bombella,Unassigned,10.25,ASV_398
ASV_399,Bacteria,Firmicutes,Clostridia,Clostridiales,Ruminococcaceae,Flintibacter,Unassigned,12.5833333333333,ASV_399
ASV_4,Bacteria,Firmicutes,Clostridia,Clostridiales,Eubacteriaceae,Eubacterium,Unassigned,204.833333333333,ASV_4
ASV_404,Bacteria,Firmicutes,Clostridia,Clostridiales,Lachnospiraceae,Unassigned,Unassigned,21,ASV_404
ASV_406,Bacteria,Firmicutes,Clostridia,Clostridiales,Ruminococcaceae,Faecalibacterium,Unassigned,12.5,ASV_406
ASV_41,Bacteria,Firmicutes,Clostridia,Clostridiales,Peptostreptococcaceae,Romboutsia,Unassigned,41.6666666666667,ASV_41
ASV_411,Bacteria,Firmicutes,Clostridia,Clostridiales,Lachnospiraceae,Clostridium_XlVa,Unassigned,8.66666666666667,ASV_411
ASV_412,Bacteria,Bacteroidetes,Bacteroidia,Bacteroidales,Muribaculaceae,Duncaniella,Unassigned,7.75,ASV_412
ASV_414,Bacteria,Firmicutes,Erysipelotrichia,Erysipelotrichales,Erysipelotrichaceae,Amedibacillus,Unassigned,6.91666666666667,ASV_414
ASV_417,Bacteria,Actinobacteria,Coriobacteriia,Eggerthellales,Eggerthellaceae,Unassigned,Unassigned,9,ASV_417
ASV_418,Bacteria,Firmicutes,Clostridia,Clostridiales,Ruminococcaceae,Clostridium_IV,Unassigned,10.75,ASV_418
ASV_42,Bacteria,Firmicutes,Clostridia,Clostridiales,Lachnospiraceae,Acetatifactor,Unassigned,212.166666666667,ASV_42
ASV_420,Bacteria,Firmicutes,Clostridia,Clostridiales,Ruminococcaceae,Faecalibacterium,Unassigned,15.8333333333333,ASV_420
ASV_421,Bacteria,Firmicutes,Clostridia,Clostridiales,Lachnospiraceae,Kineothrix,Unassigned,20.4166666666667,ASV_421
ASV_425,Bacteria,Bacteroidetes,Bacteroidia,Bacteroidales,Muribaculaceae,Muribaculum,Unassigned,13.9166666666667,ASV_425
ASV_427,Bacteria,Firmicutes,Negativicutes,Selenomonadales,Unassigned,Unassigned,Unassigned,9.75,ASV_427
ASV_429,Bacteria,Firmicutes,Clostridia,Clostridiales,Ruminococcaceae,Flintibacter,Unassigned,26,ASV_429
ASV_43,Bacteria,Firmicutes,Clostridia,Clostridiales,Ruminococcaceae,Colidextribacter,Unassigned,141.5,ASV_43
ASV_432,Bacteria,Actinobacteria,Actinobacteria,Micrococcales,Micrococcaceae,Rothia,Unassigned,9.66666666666667,ASV_432
ASV_437,Bacteria,Firmicutes,Bacilli,Lactobacillales,Enterococcaceae,Melissococcus,Unassigned,11,ASV_437
ASV_438,Bacteria,Firmicutes,Clostridia,Clostridiales,Lachnospiraceae,Roseburia,Unassigned,10.5833333333333,ASV_438
ASV_439,Bacteria,Bacteroidetes,Bacteroidia,Bacteroidales,Barnesiellaceae,Barnesiella,Unassigned,6.41666666666667,ASV_439
ASV_44,Bacteria,Bacteroidetes,Bacteroidia,Bacteroidales,Bacteroidaceae,Bacteroides,Unassigned,171.916666666667,ASV_44
ASV_448,Bacteria,Firmicutes,Clostridia,Clostridiales,Unassigned,Unassigned,Unassigned,23,ASV_448
ASV_449,Bacteria,Firmicutes,Clostridia,Clostridiales,Lachnospiraceae,Anaerotaenia,Unassigned,8.41666666666667,ASV_449
ASV_450,Bacteria,Firmicutes,Clostridia,Clostridiales,Ruminococcaceae,Oscillibacter,Unassigned,14.1666666666667,ASV_450
ASV_452,Bacteria,Firmicutes,Clostridia,Clostridiales,Lachnospiraceae,Unassigned,Unassigned,31,ASV_452
ASV_453,Bacteria,Firmicutes,Clostridia,Clostridiales,Lachnospiraceae,Acetatifactor,Unassigned,63.5,ASV_453
ASV_457,Bacteria,Proteobacteria,Gammaproteobacteria,Enterobacterales,Enterobacteriaceae,Enterobacter,Unassigned,15.25,ASV_457
ASV_458,Bacteria,Firmicutes,Clostridia,Clostridiales,Ruminococcaceae,Intestinimonas,Unassigned,9.41666666666667,ASV_458
ASV_459,Bacteria,Bacteroidetes,Bacteroidia,Bacteroidales,Muribaculaceae,Unassigned,Unassigned,8.91666666666667,ASV_459
ASV_460,Bacteria,Firmicutes,Clostridia,Clostridiales,Ruminococcaceae,Unassigned,Unassigned,11.6666666666667,ASV_460
ASV_462,Bacteria,Firmicutes,Clostridia,Clostridiales,Ruminococcaceae,Gemmiger,Unassigned,9.75,ASV_462
ASV_465,Bacteria,Firmicutes,Clostridia,Clostridiales,Lachnospiraceae,Fusicatenibacter,Unassigned,17.0833333333333,ASV_465
ASV_468,Bacteria,Firmicutes,Clostridia,Clostridiales,Lachnospiraceae,Clostridium_XlVa,Unassigned,22.25,ASV_468
ASV_47,Bacteria,Proteobacteria,Deltaproteobacteria,Desulfovibrionales,Desulfovibrionaceae,Bilophila,Unassigned,293.416666666667,ASV_47
ASV_471,Bacteria,Firmicutes,Clostridia,Clostridiales,Lachnospiraceae,Unassigned,Unassigned,28.0833333333333,ASV_471
ASV_473,Bacteria,Firmicutes,Clostridia,Clostridiales,Lachnospiraceae,Unassigned,Unassigned,7.33333333333333,ASV_473
ASV_477,Bacteria,Firmicutes,Clostridia,Clostridiales,Lachnospiraceae,Acetatifactor,Unassigned,14.0833333333333,ASV_477
ASV_479,Bacteria,Bacteroidetes,Bacteroidia,Bacteroidales,Muribaculaceae,Paramuribaculum,Unassigned,10.3333333333333,ASV_479
ASV_48,Bacteria,Bacteroidetes,Bacteroidia,Bacteroidales,Muribaculaceae,Duncaniella,Unassigned,175.916666666667,ASV_48
ASV_483,Bacteria,Firmicutes,Clostridia,Clostridiales,Lachnospiraceae,Kineothrix,Unassigned,19.6666666666667,ASV_483
ASV_484,Bacteria,Firmicutes,Clostridia,Clostridiales,Ruminococcaceae,Anaerotruncus,Unassigned,12.8333333333333,ASV_484
ASV_485,Bacteria,Actinobacteria,Actinobacteria,Bifidobacteriales,Bifidobacteriaceae,Bifidobacterium,Unassigned,8.66666666666667,ASV_485
ASV_487,Bacteria,Actinobacteria,Actinobacteria,Bifidobacteriales,Bifidobacteriaceae,Bifidobacterium,Unassigned,15.0833333333333,ASV_487
ASV_488,Bacteria,Firmicutes,Clostridia,Clostridiales,Lachnospiraceae,Lacrimispora,Unassigned,12.6666666666667,ASV_488
ASV_49,Bacteria,Firmicutes,Clostridia,Clostridiales,Lachnospiraceae,Kineothrix,Unassigned,267.166666666667,ASV_49
ASV_490,Bacteria,Firmicutes,Bacilli,Lactobacillales,Lactobacillaceae,Limosilactobacillus,Unassigned,13.4166666666667,ASV_490
ASV_493,Bacteria,Firmicutes,Clostridia,Clostridiales,Ruminococcaceae,Flintibacter,Unassigned,11.5833333333333,ASV_493
ASV_494,Bacteria,Firmicutes,Clostridia,Clostridiales,Ruminococcaceae,Faecalibacterium,Unassigned,8.91666666666667,ASV_494
ASV_495,Bacteria,Firmicutes,Clostridia,Clostridiales,Lachnospiraceae,Unassigned,Unassigned,14.75,ASV_495
ASV_498,Bacteria,Firmicutes,Clostridia,Clostridiales,Lachnospiraceae,Anaerotignum,Unassigned,7.5,ASV_498
ASV_506,Bacteria,Firmicutes,Clostridia,Clostridiales,Lachnospiraceae,Blautia,Unassigned,5.75,ASV_506
ASV_508,Bacteria,Firmicutes,Clostridia,Clostridiales,Lachnospiraceae,Oribacterium,Unassigned,5.83333333333333,ASV_508
ASV_51,Bacteria,Bacteroidetes,Bacteroidia,Bacteroidales,Muribaculaceae,Paramuribaculum,Unassigned,152.75,ASV_51
ASV_510,Bacteria,Firmicutes,Clostridia,Clostridiales,Lachnospiraceae,Blautia,Unassigned,14,ASV_510
ASV_512,Bacteria,Firmicutes,Negativicutes,Veillonellales,Veillonellaceae,Veillonella,Unassigned,5.75,ASV_512
ASV_513,Bacteria,Firmicutes,Clostridia,Clostridiales,Ruminococcaceae,Oscillibacter,Unassigned,14.3333333333333,ASV_513
ASV_516,Bacteria,Firmicutes,Clostridia,Clostridiales,Lachnospiraceae,Kineothrix,Unassigned,9.66666666666667,ASV_516
ASV_517,Bacteria,Firmicutes,Clostridia,Clostridiales,Ruminococcaceae,Unassigned,Unassigned,11.6666666666667,ASV_517
ASV_521,Bacteria,Firmicutes,Clostridia,Clostridiales,Ruminococcaceae,Flintibacter,Unassigned,9.33333333333333,ASV_521
ASV_523,Bacteria,Bacteroidetes,Bacteroidia,Bacteroidales,Muribaculaceae,Duncaniella,Unassigned,6.66666666666667,ASV_523
ASV_530,Bacteria,Firmicutes,Clostridia,Clostridiales,Ruminococcaceae,Intestinimonas,Unassigned,19.5,ASV_530
ASV_533,Bacteria,Bacteroidetes,Bacteroidia,Bacteroidales,Muribaculaceae,Paramuribaculum,Unassigned,11.75,ASV_533
ASV_534,Bacteria,Bacteroidetes,Bacteroidia,Bacteroidales,Muribaculaceae,Paramuribaculum,Unassigned,5.66666666666667,ASV_534
ASV_538,Bacteria,Bacteroidetes,Bacteroidia,Bacteroidales,Muribaculaceae,Paramuribaculum,Unassigned,8.5,ASV_538
ASV_54,Bacteria,Firmicutes,Clostridia,Clostridiales,Clostridiaceae_1,Clostridium_sensu_stricto,Unassigned,156.916666666667,ASV_54
ASV_543,Bacteria,Firmicutes,Clostridia,Clostridiales,Lachnospiraceae,Blautia,Unassigned,6.33333333333333,ASV_543
ASV_546,Bacteria,Firmicutes,Clostridia,Clostridiales,Lachnospiraceae,Clostridium_XlVa,Unassigned,10.8333333333333,ASV_546
ASV_55,Bacteria,Firmicutes,Clostridia,Clostridiales,Lachnospiraceae,Unassigned,Unassigned,138.333333333333,ASV_55
ASV_551,Bacteria,Firmicutes,Clostridia,Clostridiales,Ruminococcaceae,Oscillibacter,Unassigned,8.33333333333333,ASV_551
ASV_56,Bacteria,Firmicutes,Clostridia,Clostridiales,Lachnospiraceae,Roseburia,Unassigned,65.6666666666667,ASV_56
ASV_561,Bacteria,Firmicutes,Clostridia,Clostridiales,Lachnospiraceae,Roseburia,Unassigned,11.0833333333333,ASV_561
ASV_566,Bacteria,Firmicutes,Clostridia,Clostridiales,Lachnospiraceae,Unassigned,Unassigned,6.91666666666667,ASV_566
ASV_567,Bacteria,Proteobacteria,Gammaproteobacteria,Enterobacterales,Enterobacteriaceae,Trabulsiella,Unassigned,19.5833333333333,ASV_567
ASV_57,Bacteria,Firmicutes,Clostridia,Clostridiales,Lachnospiraceae,Kineothrix,Unassigned,13.25,ASV_57
ASV_570,Bacteria,Firmicutes,Clostridia,Clostridiales,Lachnospiraceae,Unassigned,Unassigned,107,ASV_570
ASV_575,Bacteria,Proteobacteria,Gammaproteobacteria,Pseudomonadales,Moraxellaceae,Acinetobacter,Unassigned,21.0833333333333,ASV_575
ASV_576,Bacteria,Firmicutes,Clostridia,Clostridiales,Lachnospiraceae,Clostridium_XlVa,Unassigned,14.75,ASV_576
ASV_578,Bacteria,Firmicutes,Clostridia,Clostridiales,Lachnospiraceae,Acetatifactor,Unassigned,6.41666666666667,ASV_578
ASV_579,Bacteria,Firmicutes,Clostridia,Clostridiales,Lachnospiraceae,Blautia,Unassigned,6.66666666666667,ASV_579
ASV_583,Bacteria,Firmicutes,Clostridia,Clostridiales,Ruminococcaceae,Clostridium_IV,Unassigned,34.6666666666667,ASV_583
ASV_588,Bacteria,Firmicutes,Clostridia,Clostridiales,Lachnospiraceae,Mediterraneibacter,Unassigned,6.91666666666667,ASV_588
ASV_591,Bacteria,Firmicutes,Clostridia,Clostridiales,Ruminococcaceae,Oscillibacter,Unassigned,7.5,ASV_591
ASV_60,Bacteria,Firmicutes,Clostridia,Clostridiales,Lachnospiraceae,Kineothrix,Unassigned,346,ASV_60
ASV_604,Bacteria,Proteobacteria,Gammaproteobacteria,Enterobacterales,Enterobacteriaceae,Siccibacter,Unassigned,21.1666666666667,ASV_604
ASV_606,Bacteria,Firmicutes,Clostridia,Clostridiales,Lachnospiraceae,Roseburia,Unassigned,12.4166666666667,ASV_606
ASV_607,Bacteria,Bacteroidetes,Bacteroidia,Bacteroidales,Muribaculaceae,Duncaniella,Unassigned,8.16666666666667,ASV_607
ASV_61,Bacteria,Bacteroidetes,Bacteroidia,Bacteroidales,Muribaculaceae,Duncaniella,Unassigned,111.25,ASV_61
ASV_611,Bacteria,Bacteroidetes,Bacteroidia,Bacteroidales,Porphyromonadaceae,Parabacteroides,Unassigned,8.08333333333333,ASV_611
ASV_614,Bacteria,Bacteroidetes,Bacteroidia,Bacteroidales,Porphyromonadaceae,Parabacteroides,Unassigned,5.66666666666667,ASV_614
ASV_618,Bacteria,Firmicutes,Clostridia,Clostridiales,Clostridiaceae_4,Unassigned,Unassigned,7.75,ASV_618
ASV_62,Bacteria,Firmicutes,Clostridia,Clostridiales,Lachnospiraceae,Unassigned,Unassigned,152.25,ASV_62
ASV_620,Bacteria,Firmicutes,Clostridia,Clostridiales,Ruminococcaceae,Flintibacter,Unassigned,5.66666666666667,ASV_620
ASV_63,Bacteria,Firmicutes,Bacilli,Lactobacillales,Lactobacillaceae,Lactobacillus,Unassigned,42.75,ASV_63
ASV_630,Bacteria,Firmicutes,Clostridia,Clostridiales,Unassigned,Unassigned,Unassigned,7.25,ASV_630
ASV_639,Bacteria,Firmicutes,Clostridia,Clostridiales,Lachnospiraceae,Clostridium_XlVa,Unassigned,5.75,ASV_639
ASV_64,Bacteria,Firmicutes,Clostridia,Clostridiales,Lachnospiraceae,Unassigned,Unassigned,149.166666666667,ASV_64
ASV_641,Bacteria,Firmicutes,Bacilli,Lactobacillales,Enterococcaceae,Melissococcus,Unassigned,6.75,ASV_641
ASV_643,Bacteria,Firmicutes,Clostridia,Clostridiales,Lachnospiraceae,Unassigned,Unassigned,8.33333333333333,ASV_643
ASV_644,Bacteria,Firmicutes,Clostridia,Clostridiales,Ruminococcaceae,Intestinimonas,Unassigned,8.75,ASV_644
ASV_646,Bacteria,Firmicutes,Clostridia,Clostridiales,Lachnospiraceae,Lachnospiracea_incertae_sedis,Unassigned,17.3333333333333,ASV_646
ASV_648,Bacteria,Firmicutes,Clostridia,Clostridiales,Lachnospiraceae,Unassigned,Unassigned,8.83333333333333,ASV_648
ASV_65,Bacteria,Firmicutes,Clostridia,Clostridiales,Lachnospiraceae,Kineothrix,Unassigned,243.083333333333,ASV_65
ASV_651,Bacteria,Firmicutes,Clostridia,Clostridiales,Ruminococcaceae,Harryflintia,Unassigned,6.41666666666667,ASV_651
ASV_655,Bacteria,Firmicutes,Clostridia,Clostridiales,Lachnospiraceae,Roseburia,Unassigned,8.75,ASV_655
ASV_656,Bacteria,Bacteroidetes,Bacteroidia,Bacteroidales,Muribaculaceae,Duncaniella,Unassigned,10.0833333333333,ASV_656
ASV_66,Bacteria,Firmicutes,Clostridia,Clostridiales,Ruminococcaceae,Clostridium_IV,Unassigned,105.916666666667,ASV_66
ASV_660,Bacteria,Proteobacteria,Betaproteobacteria,Burkholderiales,Comamonadaceae,Acidovorax,Unassigned,6.75,ASV_660
ASV_663,Bacteria,Firmicutes,Clostridia,Clostridiales,Ruminococcaceae,Harryflintia,Unassigned,5.66666666666667,ASV_663
ASV_67,Bacteria,Firmicutes,Clostridia,Clostridiales,Lachnospiraceae,Unassigned,Unassigned,113.416666666667,ASV_67
ASV_672,Bacteria,Firmicutes,Clostridia,Clostridiales,Ruminococcaceae,Acutalibacter,Unassigned,9.41666666666667,ASV_672
ASV_674,Bacteria,Firmicutes,Negativicutes,Veillonellales,Veillonellaceae,Veillonella,Unassigned,6.58333333333333,ASV_674
ASV_68,Bacteria,Firmicutes,Clostridia,Clostridiales,Lachnospiraceae,Unassigned,Unassigned,70.25,ASV_68
ASV_7,Bacteria,Firmicutes,Clostridia,Clostridiales,Lachnospiraceae,Eisenbergiella,Unassigned,631.666666666667,ASV_7
ASV_70,Bacteria,Firmicutes,Clostridia,Clostridiales,Lachnospiraceae,Marvinbryantia,Unassigned,223.833333333333,ASV_70
ASV_71,Bacteria,Firmicutes,Clostridia,Clostridiales,Lachnospiraceae,Acetatifactor,Unassigned,49.6666666666667,ASV_71
ASV_713,Bacteria,Firmicutes,Clostridia,Clostridiales,Lachnospiraceae,Dorea,Unassigned,6.33333333333333,ASV_713
ASV_73,Bacteria,Bacteroidetes,Bacteroidia,Bacteroidales,Muribaculaceae,Muribaculum,Unassigned,92.75,ASV_73
ASV_744,Bacteria,Firmicutes,Clostridia,Clostridiales,Lachnospiraceae,Lachnospiracea_incertae_sedis,Unassigned,7.41666666666667,ASV_744
ASV_75,Bacteria,Firmicutes,Clostridia,Clostridiales,Ruminococcaceae,Oscillibacter,Unassigned,145.583333333333,ASV_75
ASV_76,Bacteria,Firmicutes,Clostridia,Clostridiales,Lachnospiraceae,Kineothrix,Unassigned,84.1666666666667,ASV_76
ASV_764,Bacteria,Bacteroidetes,Bacteroidia,Bacteroidales,Bacteroidaceae,Phocaeicola,Unassigned,8.33333333333333,ASV_764
ASV_785,Bacteria,Proteobacteria,Gammaproteobacteria,Enterobacterales,Erwiniaceae,Pantoea,Unassigned,7.33333333333333,ASV_785
ASV_79,Bacteria,Firmicutes,Clostridia,Clostridiales,Lachnospiraceae,Unassigned,Unassigned,96.5833333333333,ASV_79
ASV_8,Bacteria,Firmicutes,Clostridia,Clostridiales,Lachnospiraceae,Anaerocolumna,Unassigned,72.1666666666667,ASV_8
ASV_80,Bacteria,Firmicutes,Clostridia,Clostridiales,Lachnospiraceae,Unassigned,Unassigned,127.75,ASV_80
ASV_808,Bacteria,Proteobacteria,Gammaproteobacteria,Enterobacterales,Enterobacteriaceae,Leclercia,Unassigned,6.5,ASV_808
ASV_814,Bacteria,Bacteroidetes,Bacteroidia,Bacteroidales,Muribaculaceae,Paramuribaculum,Unassigned,12.25,ASV_814
ASV_83,Bacteria,Firmicutes,Clostridia,Clostridiales,Lachnospiraceae,Unassigned,Unassigned,86.1666666666667,ASV_83
ASV_837,Bacteria,Firmicutes,Clostridia,Clostridiales,Lachnospiraceae,Lacrimispora,Unassigned,7.83333333333333,ASV_837
ASV_838,Bacteria,Firmicutes,Clostridia,Clostridiales,Lachnospiraceae,Acetatifactor,Unassigned,8.5,ASV_838
ASV_84,Bacteria,Firmicutes,Clostridia,Clostridiales,Lachnospiraceae,Acetatifactor,Unassigned,184.666666666667,ASV_84
ASV_85,Bacteria,Firmicutes,Clostridia,Clostridiales,Lachnospiraceae,Lacrimispora,Unassigned,72.5,ASV_85
ASV_86,Bacteria,Firmicutes,Clostridia,Clostridiales,Ruminococcaceae,Anaerotruncus,Unassigned,93.9166666666667,ASV_86
ASV_867,Bacteria,Firmicutes,Clostridia,Clostridiales,Lachnospiraceae,Lachnospiracea_incertae_sedis,Unassigned,97,ASV_867
ASV_87,Bacteria,Firmicutes,Clostridia,Clostridiales,Ruminococcaceae,Acetivibrio,Unassigned,39.5833333333333,ASV_87
ASV_874,Bacteria,Firmicutes,Clostridia,Clostridiales,Lachnospiraceae,Unassigned,Unassigned,15.5833333333333,ASV_874
ASV_88,Bacteria,Firmicutes,Clostridia,Clostridiales,Unassigned,Unassigned,Unassigned,187,ASV_88
ASV_907,Bacteria,Firmicutes,Clostridia,Clostridiales,Lachnospiraceae,Unassigned,Unassigned,6.08333333333333,ASV_907
ASV_91,Bacteria,Firmicutes,Clostridia,Clostridiales,Lachnospiraceae,Kineothrix,Unassigned,236.583333333333,ASV_91
ASV_92,Bacteria,Firmicutes,Clostridia,Clostridiales,Lachnospiraceae,Lacrimispora,Unassigned,55.4166666666667,ASV_92
ASV_94,Bacteria,Firmicutes,Clostridia,Clostridiales,Lachnospiraceae,Acetatifactor,Unassigned,23.75,ASV_94
ASV_965,Bacteria,Firmicutes,Clostridia,Clostridiales,Lachnospiraceae,Unassigned,Unassigned,129.416666666667,ASV_965
ASV_97,Bacteria,Bacteroidetes,Bacteroidia,Bacteroidales,Muribaculaceae,Duncaniella,Unassigned,91.75,ASV_97
ASV_98,Bacteria,Firmicutes,Clostridia,Clostridiales,Lachnospiraceae,Blautia,Unassigned,97,ASV_98
ASV_99,Bacteria,Firmicutes,Clostridia,Clostridiales,Ruminococcaceae,Flintibacter,Unassigned,101.916666666667,ASV_99
ASV_994,Bacteria,Firmicutes,Clostridia,Clostridiales,Lachnospiraceae,Acetatifactor,Unassigned,18,ASV_994
